H,1,1.00794,92,0.332,0.011,0.5,0,0.5,0.666793,2.2,2.3,13.6,72.77,-5.00E-11,6.12,4.82,3.65,1,2,1,0.998,0.991,0.98,0.966,0.947,0.925,0.9,0.872,0.842,0.811,0.778,0.744,0.71,0.676,0.641,0.608,0.574,0.542,0.511,0.481,0.424,0.373,0.35,0.328,0.287,0.251,0.22,0.193,0.18,0.169,0.148,0.13,0.115,0.101,0.095,0.09,0.079,0.071,0.053,0.04,0.031,0.024,0.015,0.01,0.007,0.005,0.003,0.003,0.002,0.001,,,,,,,,,,,,1,1,1,0,0,0,1,1,0,0,0,31,32,,,,,,,25,53,110,,32.02,0.0899,,,,,,,,,,5.2,1.5,1.42,,,,-0.743522794,0.558,0.452,20.13,14.01,,,,,7.853,-3.331291,2.365121,2.979865,0,6.615
He,2,4.002602,98,0.007,1.00E-05,0,0,0,0.2050522,,4.16,24.59,,-2.36E-11,3.4,2.7,2.1,1.344,2.87,2,1.998,1.993,1.984,1.972,1.957,1.939,1.917,1.893,1.866,1.837,1.806,1.772,1.737,1.701,1.663,1.624,1.584,1.543,1.502,1.46,1.377,1.295,1.254,1.214,1.136,1.06,0.988,0.92,0.887,0.856,0.795,0.738,0.686,0.636,0.613,0.591,0.548,0.509,0.423,0.353,0.295,0.248,0.177,0.129,0.095,0.072,0.055,0.042,0.033,0.026,0.021,0.017,0.014,0.011,0.01,0.004,0.002,0.001,0.004,,,0,0,0,0,0,0,2,2,0,0,0,28,46,,,,,,,120,31,140,,19.08,0.1785,,,,,,,,,,,,,,,,-0.820161072,0.02,0.083,4.07,0.95,,,,,18.098,0.001135,2.908733,3.664774,0,12.305
Li,3,6.941,1,71,,0.5,0,0.5,,0.98,0.91,5.39,59.63,1.78E-10,26,22,18,0.63,0.82,3,2.986,2.947,2.884,2.802,2.708,2.606,2.502,2.4,2.304,2.215,2.135,2.065,2.004,1.95,1.904,1.863,1.828,1.796,1.768,1.742,1.693,1.648,1.626,1.604,1.559,1.513,1.465,1.417,1.393,1.369,1.32,1.27,1.221,1.173,1.149,1.125,1.078,1.033,0.924,0.823,0.732,0.65,0.512,0.404,0.32,0.255,0.205,0.165,0.134,0.11,0.091,0.075,0.063,0.053,0.044,0.021,0.011,0.006,0.012,0.002,0.001,1,1,1,0,0,0,1,1,0,0,0,128,133,124,,0.985,0.625,,152,145,167,181,152,21.63,535,4.60E-05,11,4.2,4.9,,,0.6,9.40E-08,11000000,2.85,0.98,5.53,525.00,40,40,1.929418926,3,147,1615,453.69,344,1.63,11.6,8.62,0,-1.869887,3.213571,4.048846,0,16.593333
Be,4,9.012182,67,0.0092,3.00E-05,0,0,0,5.6,1.57,1.58,9.32,,-1.14E-10,13,10,8.2,0.826,1.6,4,3.987,3.95,3.889,3.807,3.707,3.592,3.468,3.336,3.201,3.065,2.932,2.804,2.683,2.569,2.463,2.365,2.277,2.197,2.125,2.06,1.951,1.864,1.828,1.795,1.739,1.692,1.652,1.616,1.6,1.583,1.551,1.52,1.489,1.458,1.443,1.427,1.395,1.362,1.279,1.195,1.112,1.03,0.876,0.74,0.622,0.522,0.439,0.369,0.311,0.263,0.223,0.19,0.163,0.139,0.12,0.06,0.033,0.019,0.027,0.005,0.003,2,0,0,0,0,0,2,2,0,0,0,96,102,90,85,0.64,0.44,,112,105,112,153,112,8.11,1848,1.13E-05,130,132,287,600,1670,5.5,4.00E-08,25000000,5.05,1.67,2.88,2700.00,109,90,2.278753601,7.95,297,2743,1560,1440,3.32,100.3,0.997,0,-3.755039,2.508239,3.160184,0,7.89
B,5,10.811,72,760,2.4,0.5,1,0.5,3.051,2.04,2.05,8.3,26.99,-9.41E-11,13,11,8.5,0.781,0.88,5,4.988,4.954,4.897,4.82,4.724,4.613,4.488,4.352,4.209,4.06,3.908,3.756,3.606,3.459,3.316,3.179,3.048,2.924,2.808,2.699,2.503,2.336,2.263,2.195,2.077,1.979,1.897,1.829,1.799,1.771,1.723,1.681,1.644,1.611,1.596,1.581,1.553,1.526,1.463,1.402,1.339,1.276,1.147,1.02,0.9,0.79,0.69,0.602,0.524,0.457,0.398,0.347,0.304,0.266,0.233,0.126,0.072,0.043,0.053,0.012,0.006,3,5,0,5,0,0,3,2,1,0,0,84,85,78,73,0.48,0.315,,88,85,87,192,,7.75,2460,6.00E-06,320,,,,49000,9.3,10000,0.0001,5.3,1.75,2.8,3050.00,120,95,1.431363764,50,507,4273,2348,,5.81,178,0.562,1.524,-6.677698,2.429779,3.06133,0,7.1725
C,6,12.0107,77,0.0035,1.50E-05,1,1,0,1.67,2.55,2.54,11.26,121.78,-7.45E-11,10,8.6,6.9,0.91,1.3,6,5.99,5.958,5.907,5.837,5.749,5.645,5.526,5.396,5.255,5.107,4.952,4.794,4.633,4.472,4.311,4.153,3.998,3.847,3.701,3.56,3.297,3.058,2.949,2.846,2.658,2.494,2.351,2.227,2.171,2.12,2.028,1.948,1.88,1.821,1.794,1.77,1.725,1.685,1.603,1.537,1.479,1.426,1.322,1.219,1.114,1.012,0.914,0.822,0.736,0.659,0.588,0.525,0.468,0.418,0.373,0.216,0.13,0.081,0.088,0.025,0.013,4,4,0,4,0,0,4,2,2,0,0,76,75,67,60,0.39,0.25,,77,70,67,170,,5.67,2260,,33,,,,,,,,6.24,1.77,2.2,,,,2.146128036,105,715,4300,3823,2230,7.37,,,4.496,-9.209714,2.242692,2.825615,0,5.64
N,7,14.0067,82,1.91,0.0048,1.5,0,1.5,1.1,3.04,3.07,14.53,-6.8,-1.50E-10,7.6,6.2,5,1.034,1.5,7,6.991,6.963,6.918,6.855,6.776,6.682,6.574,6.453,6.321,6.18,6.03,5.875,5.714,5.551,5.385,5.218,5.051,4.886,4.723,4.563,4.254,3.963,3.825,3.693,3.445,3.219,3.014,2.831,2.747,2.667,2.522,2.393,2.278,2.178,2.132,2.089,2.011,1.942,1.802,1.697,1.616,1.551,1.445,1.353,1.265,1.172,1.09,1.004,0.921,0.843,0.769,0.7,0.636,0.578,0.525,0.324,0.204,0.132,0.134,0.043,0.023,3,3,0,3,0,0,5,2,3,0,0,71,71,60,54,0.33,0.21,,72,65,56,155,,22.68,1.251,,,,,,,,,,6.86,1.65,2.56,,,,-1.587875594,0.36,2.79,77.21,63.05,,4.92,,,6.437,-8.211441,3.091182,3.894645,0,14.76875
O,8,15.9994,87,0.00028,1.00E-06,1,1,2,,3.44,3.61,13.62,140.98,4.27E-08,8.1,6.6,5.3,1,1.3,8,7.992,7.967,7.926,7.869,7.798,7.712,7.612,7.501,7.378,7.245,7.103,6.954,6.798,6.637,6.472,6.304,6.134,5.964,5.793,5.623,5.289,4.965,4.808,4.655,4.363,4.089,3.834,3.599,3.489,3.383,3.186,3.006,2.844,2.697,2.629,2.564,2.445,2.338,2.115,1.946,1.816,1.714,1.568,1.463,1.377,1.298,1.221,1.145,1.07,0.997,0.926,0.857,0.792,0.731,0.674,0.443,0.292,0.196,0.19,0.067,0.037,2,2,0,2,0,0,6,2,4,0,0,66,63,57,53,0.285,0.18,,64,60,48,152,,17.36,1.429,,,,,,,,,,,,,,,,-1.575445023,0.222,3.41,90.1,54.8,,2.6,,,0,-4.756792,2.630894,3.314718,0,9.105
F,9,18.998403,93,0.0096,2.00E-05,0.5,1,1.5,0.557,3.98,4.19,17.42,328.16,,6,4.9,4,1.132,1.6,9,8.993,8.97,8.933,8.881,8.815,8.736,8.645,8.541,8.427,8.302,8.168,8.026,7.876,7.721,7.56,7.395,7.226,7.055,6.883,6.709,6.362,6.02,5.851,5.685,5.363,5.054,4.761,4.484,4.353,4.225,3.983,3.759,3.551,3.36,3.27,3.183,3.022,2.874,2.559,2.309,2.112,1.956,1.735,1.588,1.482,1.398,1.324,1.254,1.186,1.12,1.055,0.99,0.928,0.868,0.81,0.564,0.389,0.27,0.254,0.099,0.055,1,1,0,1,0,0,7,2,5,0,0,57,64,59,53,0.25,0.155,,,50,42,147,,16.42,1.696,,,,,,,,,,,,,,,,-1.557520231,0.26,3.27,84.88,53.5,,0.84,,,1.97,-1.698061,2.68769,3.386277,0,9.7075
Ne,10,20.1791,99,0.04,0.00059,0,0,0,,,4.79,21.57,-116,-8.27E-11,4.1,3.3,2.6,1.259,1.8,10,9.993,9.973,9.938,9.891,9.83,9.757,9.672,9.576,9.469,9.351,9.225,9.09,8.948,8.799,8.643,8.483,8.318,8.15,7.978,7.805,7.454,7.102,6.928,6.754,6.412,6.079,5.758,5.451,5.302,5.158,4.88,4.617,4.37,4.139,4.029,3.923,3.722,3.535,3.126,2.517,2.517,2.296,1.971,1.757,1.609,1.502,1.418,1.346,1.28,1.218,1.158,1.099,1.041,0.984,0.929,0.68,0.489,0.331,,0.137,0.079,0,0,0,0,0,0,8,2,6,0,0,58,67,96,,0.22,0.14,,,160,38,154,,23.09,0.9,,,,,,,,,,,,,,,,-1.308918508,0.34,1.75,26.92,24.56,75,0.02,,,13.088,0.094036,2.934894,3.697734,0,12.64
Na,11,22.989769,2,0.53,0.0007,0,0,0.5,,0.93,0.87,5.14,52.87,2.00E-10,31,26,21,0.615,0.74,11,10.98,10.922,10.83,10.709,10.568,10.412,10.249,10.084,9.92,9.76,9.605,9.455,9.309,9.166,9.027,8.888,8.751,8.613,8.475,8.335,8.052,7.764,7.618,7.471,7.176,6.881,6.588,6.298,6.156,6.015,5.739,5.471,5.214,4.967,4.848,4.731,4.506,4.293,3.811,3.398,3.048,2.754,2.305,1.997,1.784,1.634,1.524,1.438,1.367,1.304,1.247,1.191,1.137,1.084,1.032,0.791,0.591,0.438,0.325,0.183,0.107,1,1,1,0,0,0,1,1,0,0,0,166,155,160,,1.1,1.55,,180,180,190,227,186,39.76,968,7.00E-05,6.3,3.3,10,0.69,,0.5,4.70E-08,21000000,2.7,0.82,8.27,260.00,30,32,2.146128036,2.6,97.7,1156,370.87,158,1.11,6.8,14.7,0,-1.260241,3.881673,4.890602,0,29.243333
Mg,12,24.305,68,0.063,0.0001,0,0,0,10.5,1.31,1.29,7.65,-40,1.68E-10,18,15,12,0.75,1.3,12,11.978,11.914,11.811,11.674,11.507,11.319,11.116,10.903,10.687,10.472,10.262,10.059,9.864,9.678,9.502,9.334,9.175,9.023,8.876,8.735,8.465,8.205,8.078,7.951,7.698,7.446,7.194,6.943,6.817,6.691,6.442,6.194,5.951,5.712,5.595,5.48,5.253,5.034,4.52,4.059,3.652,3.297,2.729,2.317,2.022,1.812,1.66,1.546,1.459,1.387,1.326,1.27,1.219,1.169,1.12,0.892,0.691,0.527,0.401,0.234,0.141,2,0,0,0,0,0,2,2,0,0,0,141,139,132,127,0.9,1.13,,160,150,145,173,160,23.48,1738,2.48E-05,45,17,45,260,,2.5,4.40E-08,23000000,3.45,1.17,5.81,760.00,62,50,2.204119983,8.7,128,1363,923,400,1.51,35.4,2.82,0,-1.542272,3.577327,4.507149,0,22.89
Al,13,26.981539,73,0.233,0.03,0.5,1,0.5,8.22,1.61,1.61,5.99,41.76,2.10E-10,22,19,15,0.663,0.61,13,12.976,12.903,12.786,12.629,12.439,12.222,11.987,11.739,11.485,11.23,10.978,10.733,10.498,10.273,10.059,9.857,9.667,9.487,9.318,9.158,8.862,8.592,8.465,8.341,8.103,7.873,7.648,7.426,7.316,7.205,6.985,6.766,6.548,6.33,6.222,6.115,5.902,5.692,5.186,4.713,4.277,3.883,3.221,2.712,2.33,2.049,1.841,1.687,1.571,1.481,1.408,1.346,1.292,1.243,1.195,0.979,0.783,0.615,0.478,0.29,0.179,3,5,0,5,0,0,3,2,1,0,0,121,126,113,111,0.77,0.905,,141,125,118,184,143,16.61,2700,2.31E-05,76,26,70,245,167,2.75,2.60E-08,38000000,4.2,1.39,4.64,1160.00,76,63,2.371067862,10.7,293,2792,933.47,428,3.39,72.2,1.385,0,-3.745423,3.206238,4.039607,0,16.48
Si,14,28.0855,78,0.166,0.0002,1,1,0,5.53,1.9,1.92,8.15,134.07,-4.49E-11,18,15,12,0.774,1.1,14,13.976,13.904,13.787,13.628,13.434,13.209,12.961,12.695,12.417,12.134,11.849,11.567,11.292,11.025,10.769,10.525,10.293,10.074,9.868,9.673,9.319,9.004,8.859,8.722,8.467,8.231,8.011,7.8,7.698,7.597,7.398,7.202,7.008,6.815,6.719,6.622,6.431,6.24,5.769,5.312,4.878,4.47,3.75,3.164,2.702,2.346,2.076,1.872,1.717,1.598,1.505,1.43,1.367,1.313,1.264,1.056,0.867,0.699,0.566,0.349,0.222,4,4,0,4,0,0,4,2,2,0,0,111,116,107,102,0.68,0.74,,110,110,111,210,,20.02,2330,2.60E-06,100,,47,,,6.5,0.001,1000,4.7,1.5,4.2,1250.00,74,60,2.176091259,50.2,359,3173,1687,645,4.63,98.8,1.012,0.773,-5.424918,3.44485,4.340239,0,20.44
P,15,30.973762,83,0.18,0.0002,1.5,1,1.5,3.69,2.19,2.25,10.49,72.04,-3.50E-10,13,11,9.2,0.878,1.6,15,14.977,14.909,14.798,14.646,14.458,14.237,13.99,13.721,13.435,13.138,12.834,12.527,12.223,11.922,11.629,11.345,11.072,10.811,10.563,10.327,9.894,9.51,9.335,9.17,8.869,8.6,8.357,8.134,8.029,7.928,7.733,7.547,7.367,7.19,7.103,7.017,6.845,6.674,6.25,5.829,5.418,5.02,4.284,3.649,3.122,2.698,2.364,2.104,1.903,1.747,1.626,1.53,1.453,1.389,1.333,1.122,0.942,0.777,0.632,0.411,0.268,5,3,0,3,0,0,5,2,3,0,0,107,111,102,94,0.6,0.64,,102,100,98,180,,18.99,1823,,11,,,,,,1.00E-07,10000000,5.55,1.65,4.15,1100.00,62,50,-0.627087997,0.64,12.4,553.5,317.3,,3.43,,,1.625,-5.400509,3.560591,4.486063,0,22.570238
S,16,32.065,88,0.52,0.00055,1,1,2,2.87,2.58,2.59,10.36,200.41,-1.99E-10,12,10,8.4,0.873,1.1,16,15.979,15.915,15.809,15.665,15.484,15.271,15.03,14.764,14.478,14.177,13.865,13.546,13.224,12.902,12.583,12.27,11.964,11.668,11.382,11.109,10.598,10.138,9.927,9.727,9.363,9.039,8.752,8.494,8.376,8.262,8.051,7.856,7.673,7.501,7.417,7.335,7.174,7.017,6.633,6.254,5.877,5.505,4.79,4.138,3.57,3.092,2.699,2.384,2.133,1.935,1.779,1.655,1.557,1.477,1.411,1.182,1.009,0.849,0.705,0.474,0.316,6,2,0,2,0,0,6,2,4,0,0,105,103,94,95,0.54,0.56,,103,100,88,180,,25.76,1960,,7.7,,,,,2,1E+15,1.00E-15,,,,,,,-0.688246139,1.73,9.8,717.72,388.36,,2.85,,,2.202,-4.097217,3.722285,4.689785,0,25.786875
Cl,17,35.453,94,35.3,0.033,0.5,1,1.5,2.16,3.16,2.87,12.97,348.58,-5.11E-10,10,8.4,6.9,0.976,1.8,17,16.98,16.919,16.82,16.683,16.511,16.306,16.073,15.814,15.533,15.234,14.921,14.597,14.266,13.932,13.597,13.263,12.934,12.611,12.297,11.991,11.413,10.881,10.633,10.398,9.964,9.576,9.231,8.923,8.782,8.649,8.403,8.181,7.979,7.794,7.706,7.621,7.459,7.305,6.941,6.595,6.254,5.915,5.245,4.607,4.023,3.509,3.07,2.704,2.405,2.162,1.967,1.811,1.686,1.585,1.502,1.24,1.069,0.915,0.773,0.536,0.367,5,1,0,1,0,0,7,2,5,0,0,102,99,95,93,0.5,0.51,,,100,79,175,,29.05,3.214,,1.1,,,,,,100,0.01,,,,,,,-2.050609993,3.2,10.2,238.96,171.6,,1.4,,,2.493,-1.784434,3.659181,4.610279,0,24.4975
Ar,18,39.948,100,0.66,0.00059,0,0,0,,,3.24,15.76,-96,-2.40E-10,7,5.8,4.7,1.076,2,18,17.981,17.924,17.83,17.7,17.536,17.34,17.116,16.865,16.591,16.298,15.988,15.665,15.331,14.991,14.647,14.301,13.957,13.615,13.279,12.949,12.315,11.721,11.441,11.172,10.671,10.216,9.807,9.441,9.272,9.113,8.82,8.558,8.322,8.11,8.011,7.917,7.739,7.575,7.207,6.875,6.56,6.252,5.639,5.036,4.46,3.931,3.462,3.056,2.713,2.427,2.192,2,1.844,1.717,1.614,1.301,1.123,0.974,0.836,0.597,0.419,0,0,0,0,0,0,8,2,6,0,0,106,96,107,96,0.46,0.46,,,71,71,188,,36.3,1.784,,,,,,,,,,,,,,,,-1.751536282,1.18,6.5,87.2,83.8,92,0.08,,,9.26,0.058541,3.850301,4.851075,0,28.54
K,19,39.0983,3,2.1,0.0018,0.5,0,0.5,,0.82,0.73,4.34,48.38,2.62E-10,40,34,28,0.565,0.52,19,18.963,18.854,18.683,18.462,18.204,17.924,17.63,17.332,17.032,16.733,16.436,16.138,15.841,15.543,15.243,14.941,14.638,14.334,14.031,13.728,13.13,12.55,12.268,11.994,11.468,10.977,10.521,10.103,9.908,9.722,9.375,9.061,8.778,8.522,8.403,8.29,8.08,7.889,7.474,7.125,6.814,6.523,5.961,5.406,4.859,4.337,3.855,3.423,3.045,2.722,2.45,2.221,2.033,1.876,1.748,1.367,1.174,1.028,0.895,0.657,0.472,1,1,1,0,0,0,1,1,0,0,0,203,196,193,,1.54,2.15,0.37,230,220,243,275,227,75.63,856,,3.1,1.3,,0.363,,0.4,7.00E-08,14000000,2.25,0.65,12.77,130.00,23,24,2,2.33,76.9,1032,336.53,91,0.93,3.2,31,0,-1.09754,5.268201,6.637517,0,73.106667
Ca,20,40.078,7,0.43,0.00037,0,0,0,23.8,1,1.03,6.11,2.37,5.53E-10,25,21,17,0.67,0.95,20,19.959,19.838,19.645,19.392,19.091,18.758,18.405,18.045,17.685,17.331,16.987,16.655,16.334,16.024,15.723,15.43,15.142,14.859,14.58,14.304,13.76,13.225,12.961,12.701,12.194,11.705,11.24,10.8,10.59,10.388,10.004,9.65,9.324,9.025,8.885,8.752,8.502,8.275,7.788,7.392,7.057,6.762,6.228,5.717,5.209,4.71,4.233,3.791,3.391,3.039,2.733,2.47,2.25,2.063,1.908,1.444,1.225,1.078,0.949,0.715,0.524,2,0,0,0,0,0,2,2,0,0,0,176,171,147,133,1.32,1.68,0.34,201,180,194,231,197,44.19,1550,2.23E-05,17,7.4,20,167,,1.75,3.40E-08,29000000,2.55,0.91,8.82,490.00,60,65,2.301029996,8.54,155,1757,1115,230,1.84,15.2,6.58,0,-1.94833,4.22726,5.326014,0,37.77
Sc,21,44.955912,11,27.2,0.025,0.5,2,1.5,21.2,1.36,1.19,6.56,18,3.96E-09,24,20,16,0.693,1.1,21,20.962,20.848,20.665,20.422,20.131,19.805,19.455,19.091,18.723,18.356,17.995,17.643,17.301,16.968,16.645,16.33,16.023,15.722,15.426,15.135,14.564,14.006,13.732,13.462,12.933,12.423,11.934,11.467,11.244,11.027,10.613,10.226,9.866,9.534,9.377,9.227,8.946,8.687,8.132,7.682,7.312,6.996,6.46,5.975,5.501,5.03,4.57,4.131,3.722,3.352,3.023,2.733,2.485,2.271,2.09,1.533,1.279,1.125,0.998,0.77,0.577,3,9,0,0,9,0,3,2,0,1,0,170,148,116,114,1.22,1.53,0.31,162,160,184,,162,24.96,2985,1.02E-05,57,29,74,750,,,5.50E-07,1800000,3.25,1.27,6.09,1275.00,110,115,1.204119983,16,318,3103,1814,360,3.9,43.5,2.3,0,-6.285513,3.542874,4.463742,6.00E-06,22.235
Ti,22,47.867,43,6.1,0.0044,1,3,2,16.9,1.54,1.38,6.83,7.29,1.92E-09,22,19,15,0.708,1.2,22,21.964,21.856,21.682,21.451,21.171,20.854,20.511,20.15,19.781,19.41,19.041,18.678,18.322,17.974,17.635,17.304,16.98,16.663,16.351,16.044,15.444,14.859,14.572,14.289,13.735,13.198,12.682,12.187,11.949,11.717,11.271,10.852,10.459,10.093,9.92,9.753,9.438,9.148,8.518,8.007,7.588,7.24,6.676,6.2,5.752,5.31,4.872,4.445,4.038,3.66,3.316,3.006,2.734,2.496,2.29,1.637,1.338,1.171,1.044,0.821,0.627,4,8,0,0,8,0,4,2,0,2,0,160,136,117,108,1.15,1.43,0.28,142,140,176,,147,17.67,4507,8.60E-06,110,44,116,715,970,6,4.00E-07,2500000,3.8,1.52,4.82,2100.00,143,150,1.342422681,18.7,425,3560,1941,420,4.85,105.1,0.951,0,-7.775227,3.219799,4.056693,2.30E-05,16.69
V,23,50.9415,46,5.06,0.0033,1.5,3,1.5,14.4,1.63,1.53,6.75,50.91,3.20E-09,23,19,16,0.704,1.2,23,22.966,22.864,22.698,22.477,22.208,21.902,21.567,21.212,20.846,20.474,20.102,19.733,19.369,19.011,18.661,18.317,17.98,17.649,17.323,17.003,16.376,15.765,15.465,15.169,14.589,14.026,13.482,12.959,12.705,12.458,11.982,11.53,11.105,10.705,10.515,10.332,9.984,9.66,8.952,8.373,7.898,7.506,6.892,6.406,5.972,5.553,5.139,4.73,4.333,3.956,3.604,3.281,2.992,2.733,2.506,1.756,1.404,1.217,1.087,0.869,0.677,5,7,0,0,7,0,5,2,0,3,0,153,134,112,106,1.09,1.34,0.26,134,135,171,,134,13.88,6110,8.40E-06,160,47,128,628,628,7,2.00E-07,5000000,4.25,1.64,4.12,2550.00,147,155,1.491361694,22.8,453,3680,2183,380,5.31,161.9,0.618,0,-8.939261,2.963255,3.733468,0,13.01
Cr,24,51.9961,49,3.1,0.0021,3,0,3,11.6,1.66,1.65,6.77,65.21,2.31E-09,22,19,15,0.705,1.1,24,23.971,23.885,23.746,23.558,23.329,23.065,22.772,22.459,22.129,21.789,21.441,21.089,20.734,20.378,20.022,19.667,19.312,18.96,18.609,18.26,17.57,16.893,16.561,16.232,15.588,14.965,14.365,13.79,13.513,13.242,12.72,12.227,11.762,11.326,11.118,10.917,10.536,10.18,9.4,8.756,8.227,7.791,7.118,6.606,6.172,5.768,5.372,4.982,4.597,4.226,3.874,3.545,3.244,2.971,2.727,1.888,1.479,1.266,1.129,0.914,0.724,6,6,1,0,5,0,6,1,0,5,0,139,122,111,103,1.07,1.37,0.25,130,140,166,,128,12.01,7140,4.90E-06,160,115,279,1120,1060,8.5,1.30E-07,7900000,4.65,1.73,3.74,2300.00,121,120,1.973127854,20.5,339,2944,2180,630,4.1,190.1,0.526,0,-9.505717,2.81808,3.550559,0,11.19
Mn,25,54.938045,52,13.3,0.0083,2.5,0,2.5,9.9,1.55,1.75,7.43,-50,6.65E-09,20,17,14,0.739,1.3,25,24.969,24.876,24.726,24.523,24.274,23.988,23.671,23.331,22.976,22.611,22.24,21.868,21.497,21.128,20.764,20.404,20.049,19.699,19.354,19.012,18.342,17.686,17.364,17.045,16.417,15.806,15.211,14.634,14.353,14.078,13.543,13.031,12.543,12.08,11.858,11.642,11.228,10.84,9.973,9.245,8.639,8.137,7.368,6.808,6.359,5.962,5.586,5.215,4.849,4.49,4.144,3.814,3.506,3.221,2.963,2.037,1.563,1.319,1.171,0.956,0.769,4,5,0,0,5,0,7,2,0,5,0,150,119,105,103,0.99,1.23,0.23,132,140,161,,127,12.2,7470,2.17E-05,120,78,198,196,,6,1.60E-06,620000,4.45,1.61,3.78,1600.00,85,90,0.892094603,13.2,220,2334,1519,410,2.92,59.6,1.68,0,-9.020565,2.757836,3.474656,0.00031,10.487586
Fe,26,55.845,55,2.56,0.0015,2,2,4,9.47,1.83,1.8,7.9,14.79,,18,15,13,0.762,1.4,26,25.97,25.882,25.738,25.543,25.304,25.026,24.719,24.387,24.038,23.678,23.31,22.939,22.568,22.197,21.829,21.465,21.104,20.748,20.395,20.046,19.359,18.685,18.354,18.025,17.378,16.744,16.127,15.527,15.233,14.945,14.384,13.845,13.328,12.835,12.598,12.367,11.922,11.502,10.557,9.753,9.077,8.512,7.645,7.023,6.545,6.143,5.775,5.42,5.07,4.725,4.388,4.062,3.753,3.463,3.195,2.197,1.658,1.377,1.213,0.995,0.813,3,4,0,0,4,0,8,2,0,6,0,142,116,109,102,0.95,1.16,0.22,125,140,156,,126,11.78,7874,1.18E-05,170,82,211,490,608,4,9.70E-08,10000000,4.93,1.77,3.69,2475.00,129,140,1.903089987,13.8,347,3134,1811,470,4.28,168.3,0.594,0,-8.285484,2.778923,3.501224,2.110663,10.73
Co,27,58.933195,58,37.2,0.021,1.5,3,4.5,8.55,1.88,1.84,7.88,63.9,,19,16,13,0.76,1.4,27,26.972,26.887,26.749,26.562,26.331,26.063,25.764,25.44,25.098,24.744,24.38,24.011,23.641,23.27,22.9,22.533,22.168,21.806,21.448,21.093,20.393,19.704,19.364,19.027,18.361,17.709,17.072,16.45,16.145,15.845,15.26,14.695,14.151,13.63,13.379,13.133,12.659,12.209,11.188,10.309,9.561,8.93,7.955,7.259,6.738,6.318,5.95,5.601,5.27,4.939,4.611,4.295,3.989,3.697,3.424,2.366,1.763,1.441,1.258,1.033,0.853,4,3,0,0,3,0,9,2,0,7,0,138,111,103,96,0.92,1.1,0.21,125,135,152,,125,11.12,8900,1.30E-05,180,75,209,700,1043,5,6.00E-08,17000000,5.1,1.75,3.55,2550.00,127,135,2,16.2,375,3200,1768,445,4.39,191.4,0.522,0,-7.080389,2.736407,3.447656,1.548471,10.245
Ni,28,58.6934,61,4.5,0.0026,1,3,4,7.57,1.91,1.88,7.64,111.65,,20,17,14,0.749,1.4,28,27.973,27.892,27.759,27.579,27.356,27.096,26.806,26.49,26.156,25.807,25.448,25.083,24.714,24.344,23.973,23.604,23.237,22.872,22.51,22.15,21.438,20.737,20.39,20.046,19.365,18.696,18.04,17.398,17.084,16.773,16.165,15.576,15.008,14.461,14.196,13.937,13.435,12.956,11.862,10.909,10.09,9.392,8.301,7.519,6.944,6.495,6.118,5.776,5.451,5.133,4.819,4.511,4.211,3.922,3.647,2.543,1.878,1.512,1.306,1.069,0.892,2,2,0,0,2,0,10,2,0,8,0,124,110,101,101,0.96,1.22,0.195,126,135,149,163,124,10.86,8908,1.34E-05,180,76,200,700,638,4,7.00E-08,14000000,5.2,1.75,3.52,2450.00,121,130,1.959041392,17.2,378,3186,1728,450,4.44,186,0.538,0,-5.546325,2.743068,3.456049,0.595395,10.32
Cu,29,63.546,64,3.78,0.0021,0.5,0,0.5,6.03,1.9,1.85,7.73,119.24,-6.86E-11,19,16,13,0.754,1.3,29,28.977,28.908,28.794,28.64,28.448,28.223,27.971,27.694,27.397,27.084,26.758,26.422,26.077,25.726,25.37,25.009,24.645,24.278,23.91,23.54,22.798,22.057,21.687,21.319,20.589,19.869,19.162,18.472,18.133,17.799,17.145,16.514,15.904,15.318,15.034,14.757,14.219,13.707,12.533,11.507,10.621,9.861,8.663,7.799,7.166,6.681,6.285,5.939,5.617,5.308,5.005,4.705,4.413,4.128,3.855,2.721,2.001,1.59,1.358,1.105,0.929,2,1,1,0,0,0,11,1,0,10,0,132,112,115,120,0.88,1.16,0.185,126,135,145,140,128,11.81,8920,1.65E-05,140,48,130,874,369,3,1.70E-08,59000000,4.45,1.47,3.7,1825.00,95,100,2.602059991,13.1,300,3200,1357.77,343,3.49,137,0.73,0,-3.680655,2.80797,3.537821,0,11.07
Zn,30,65.38,69,1.1,0.00055,0,0,0,5.73,1.65,1.59,9.39,-58,-1.45E-10,15,12,10,0.831,1.7,30,29.975,29.9,29.777,29.609,29.401,29.157,28.883,28.583,28.263,27.927,27.579,27.222,26.859,26.492,26.124,25.754,25.385,25.017,24.649,24.283,23.556,22.836,22.478,22.122,21.417,20.72,20.034,19.359,19.027,18.698,18.051,17.421,16.809,16.216,15.926,15.642,15.09,14.559,13.328,12.235,11.276,10.442,9.108,8.132,7.417,6.879,6.453,6.096,5.775,5.473,5.18,4.892,4.61,4.332,4.063,2.908,2.135,1.677,1.414,1.14,0.964,2,0,0,0,0,0,12,2,0,10,0,122,118,120,,0.82,1.06,0.175,140,135,142,139,134,15.19,7140,3.02E-05,70,43,108,412,,2.5,5.90E-08,17000000,4.1,1.32,4.38,990.00,61,50,2.079181246,7.35,119,1180,692.68,327,1.35,59.8,1.67,0,-1.24,3.033694,3.822215,0,13.96
Ga,31,69.723,74,2.9,0.0015,0.5,1,0.5,7.57,1.81,1.76,6,41,-2.09E-10,24,20,16,0.664,0.6,31,30.971,30.883,30.74,30.546,30.308,30.031,29.724,29.391,29.04,28.675,28.302,27.924,27.543,27.162,26.783,26.406,26.033,25.663,25.297,24.935,24.121,23.52,23.174,22.83,22.151,21.481,20.82,20.169,19.847,19.527,18.897,18.278,17.673,17.083,16.794,16.508,15.95,15.41,14.142,12.996,11.974,11.073,9.604,8.51,7.702,7.099,6.633,6.254,5.926,5.627,5.342,5.065,4.792,4.523,4.26,3.097,2.277,1.772,1.477,1.176,0.998,3,5,0,5,0,0,13,2,1,10,0,122,124,117,121,0.76,0.935,0.17,134,130,136,187,135,19.6,5904,0.00012,,,,60,,1.5,1.40E-07,7100000,4.1,1.31,5.19,1100.00,59,48,1.462397998,5.59,256,2477,302.91,320,2.81,56.9,1.76,0,-3.012255,3.353549,4.225207,0,18.8575
Ge,32,72.64,79,2.2,0.0011,1,1,0,5.84,2.01,1.99,7.9,118.94,-1.09E-10,21,18,15,0.762,1.3,32,31.97,31.878,31.729,31.526,31.276,30.984,30.657,30.302,29.926,29.534,29.133,28.725,28.316,27.908,27.504,27.104,26.709,26.322,25.941,25.567,24.839,24.135,23.791,23.452,22.787,22.136,21.498,20.87,20.56,20.253,19.645,19.047,18.459,17.882,17.598,17.317,16.765,16.227,14.947,13.77,12.702,11.745,10.151,8.937,8.028,7.348,6.83,6.419,6.076,5.774,5.493,5.224,4.961,4.702,4.447,3.287,2.428,1.876,1.545,1.213,1.03,4,4,0,4,0,0,14,2,2,10,0,120,121,111,114,0.72,0.84,0.16,114,125,125,211,,22.23,5323,6.00E-06,,,,,,6,0.0005,2000,4.55,1.37,4.6,1000.00,65,55,1.77815125,31.8,334,3093,1211.4,374,3.85,77.2,1.29,0.383,-4.61604,3.583307,4.514685,0,23.005
As,33,74.9216,84,4.2,0.002,1.5,0,1.5,4.42,2.18,2.21,9.81,77.65,-2.92E-10,16,13,11,0.85,1.6,33,32.97,32.879,32.73,32.527,32.274,31.977,31.642,31.276,30.884,30.473,30.049,29.616,29.179,28.742,28.307,27.877,27.454,27.039,26.633,26.235,25.469,24.739,24.386,24.041,23.37,22.724,22.097,21.486,21.185,20.888,20.301,19.725,19.159,18.602,18.326,18.054,17.516,16.989,15.721,14.535,13.44,12.442,10.741,9.411,8.396,7.631,7.05,6.597,6.231,5.917,5.636,5.372,5.117,4.867,4.621,3.475,2.584,1.988,1.621,1.251,1.061,5,3,0,3,0,0,15,2,3,10,0,119,121,114,106,0.67,0.745,0.155,115,115,114,185,,21.52,5727,,22,,8,1440,,3.5,3.00E-07,3300000,4.8,1.44,5.2,850.00,62,50,1.698970004,27.7,32.4,887,1090,282,2.96,39.4,2.54,0,-4.650889,3.539684,4.459723,0,22.175
Se,34,78.96,89,11.7,0.0056,1,1,2,3.89,2.55,2.42,9.75,194.96,-3.16E-10,16,13,11,0.847,1.5,34,33.97,33.881,33.734,33.532,33.28,32.982,32.645,32.273,31.872,31.449,31.009,30.557,30.099,29.637,29.175,28.718,28.266,27.822,27.387,26.962,26.145,25.372,25.001,24.641,23.947,23.288,22.656,22.048,21.751,21.459,20.887,20.328,19.78,19.242,18.977,18.713,18.193,17.682,16.444,15.269,14.166,13.145,11.362,9.928,8.809,7.952,7.299,6.795,6.395,6.063,5.775,5.511,5.262,5.02,4.782,3.658,2.745,2.108,1.703,1.292,1.092,6,2,0,2,0,0,16,2,4,10,0,120,116,107,107,0.615,0.67,0.15,118,115,103,190,,29.81,4819,,8.3,3.7,10,736,,2,,,,,,,,,-0.283996656,5.4,26,958,494,90,2.46,9.1,11,0.799,-3.470792,3.728679,4.697841,0,25.92
Br,35,79.904,95,6.8,0.002,0.5,1,1.5,3.11,2.96,2.69,11.81,324.54,-7.83E-10,12,10,8.6,0.932,1.8,35,34.971,34.883,34.739,34.54,34.291,33.995,33.658,33.284,32.88,32.45,32,31.535,31.06,30.578,30.095,29.613,29.136,28.664,28.202,27.749,26.876,26.052,25.658,25.276,24.545,23.857,23.206,22.587,22.288,21.995,21.425,20.874,20.338,19.816,19.558,19.304,18.801,18.307,17.107,15.958,14.865,13.837,12.001,10.48,9.262,8.312,7.58,7.016,6.574,6.216,5.913,5.645,5.398,5.162,4.932,3.836,2.909,2.235,1.793,1.337,1.123,5,1,0,1,0,0,17,2,5,10,0,120,114,109,110,0.58,0.62,0.143,,115,94,183,,65.14,3120,,1.9,,,,,,10000000000,1.00E-10,,,,,,,-0.920818754,5.8,14.8,332,265.8,,1.22,,,1.457,-1.583025,3.892116,4.903759,0,29.48
Kr,36,83.798,101,25,0.013,0,0,0,,3,2.97,14,-96,-3.69E-10,9,7.5,6.2,1.014,2.1,36,35.972,35.886,35.744,35.549,35.304,35.011,34.677,34.305,33.899,33.467,33.011,32.537,32.051,31.555,31.055,30.553,30.053,29.558,29.07,28.59,27.663,26.784,26.364,25.957,25.181,24.453,23.771,23.128,22.82,22.52,21.941,21.388,20.855,20.339,20.087,19.838,19.349,18.87,17.709,16.594,15.524,14.504,12.645,11.057,9.752,8.711,7.898,7.266,6.773,6.38,6.056,5.778,5.528,5.295,5.071,4.007,3.074,2.369,1.89,1.384,1.154,2,0,0,0,0,0,18,2,6,10,0,116,117,121,108,0.56,0.6,0.138,,,88,202,,44.81,3.75,,,,,,,,,,,,,,,,-2.025488307,1.64,9.02,119.78,115.79,72,0.12,,,7.535,0.087535,4.162478,5.244393,0,36.06
Rb,37,85.4678,4,0.38,0.0003,0.5,0,0.5,,0.82,0.71,4.18,46.88,2.22E-10,45,38,32,0.554,0.48,37,36.952,36.809,36.583,36.291,35.948,35.571,35.171,34.758,34.336,33.907,33.473,33.034,32.588,32.137,31.681,31.22,30.757,30.293,29.83,29.368,28.459,27.576,27.148,26.729,25.922,25.158,24.437,23.758,23.432,23.116,22.51,21.934,21.386,20.86,20.605,20.354,19.866,19.391,18.252,17.167,16.125,15.126,13.272,11.645,10.27,9.147,8.252,7.548,6.996,6.562,6.21,5.913,5.656,5.42,5.2,4.168,3.239,2.507,1.993,1.436,1.186,1,1,1,0,0,0,1,1,0,0,0,220,210,202,,1.67,2.43,0.71,244,235,265,303,248,93.09,1532,,2.5,,2.4,0.216,,0.3,1.20E-07,8300000,2.1,0.6,14.65,110.00,23,24,1.763427994,2.19,71,961,312.46,56,0.85,3.1,32,0,-0.963335,5.661285,7.132772,0,90.7225
Sr,38,87.62,8,1.2,0.0005,0,0,0,28.3,0.95,0.96,5.7,5.02,1.16E-10,29,25,20,0.647,0.86,38,37.946,37.786,37.532,37.197,36.802,36.363,35.897,35.418,34.937,34.458,33.986,33.522,33.066,32.616,32.171,31.73,31.292,30.856,30.421,29.988,29.128,28.28,27.863,27.452,26.648,25.875,25.135,24.43,24.09,23.76,23.125,22.522,21.95,21.404,21.141,20.883,20.383,19.902,18.764,17.696,16.678,15.702,13.872,12.23,10.806,9.612,8.64,7.863,7.249,6.764,6.376,6.055,5.785,5.544,5.323,4.32,3.401,2.649,2.103,1.493,1.219,2,0,0,0,0,0,2,2,0,0,0,195,185,157,139,1.42,1.79,0.633,212,200,219,249,215,56.08,2630,2.25E-05,,6.1,,,,1.5,1.30E-07,7700000,2.4,0.84,10.48,410.00,60,63,1.544068044,8,137,1655,1050,147,1.72,11.6,8.62,0,-1.682814,4.768955,6.008506,0,54.23
Y,39,88.90585,12,1.28,0.00059,0.5,2,1.5,22.7,1.22,1.12,6.22,29.6,5.92E-09,25,21,18,0.682,1,39,38.947,38.792,38.543,38.212,37.816,37.369,36.889,36.387,35.876,35.364,34.855,34.354,33.861,33.378,32.904,32.437,31.977,31.523,31.075,30.631,29.758,28.904,28.485,28.071,27.263,26.483,25.734,25.018,24.673,24.336,23.687,23.071,22.485,21.928,21.66,21.398,20.89,20.404,19.263,18.204,17.203,16.246,14.443,12.798,11.339,10.088,9.046,8.2,7.523,6.985,6.554,6.205,5.914,5.662,5.44,4.46,3.56,2.78,2.215,1.55,1.25,3,9,0,0,9,0,3,2,0,1,0,190,163,130,124,1.32,1.62,0.58,179,180,212,,180,32.97,4472,1.06E-05,41,26,64,588,,,5.70E-07,1800000,3.2,1.21,7.34,1125.00,116,125,1.230448921,11.4,380,3618,1799,280,4.37,36.6,2.73,0,-6.4646,4.015151,5.058773,0,32.365
Zr,40,91.224,44,0.184,0.00066,1,3,2,17.9,1.33,1.32,6.63,41.81,1.53E-09,23,20,16,0.709,1.2,40,39.949,39.8,39.559,39.237,38.847,38.403,37.921,37.412,36.887,36.356,35.824,35.296,34.775,34.262,33.758,33.263,32.776,32.298,31.827,31.363,30.454,29.572,29.141,28.716,27.889,27.092,26.327,25.596,25.243,24.899,24.236,23.606,23.008,22.439,22.166,21.899,21.384,20.892,19.745,18.693,17.706,16.767,14.996,13.361,11.883,10.588,9.486,8.574,7.833,7.238,6.76,6.375,6.059,5.79,5.558,4.59,3.72,2.92,2.335,1.62,1.285,4,8,0,0,8,0,4,2,0,2,0,175,154,127,121,1.265,1.56,0.54,158,155,206,,160,23.29,6511,5.70E-06,,33,67,650,904,5,4.20E-07,2400000,3.45,1.41,5.81,2000.00,163,170,1.361727836,21,580,4682,2128,291,6.25,83.3,1.2,0,-8.545959,3.593145,4.52708,0,23.195
Nb,41,92.90638,47,1.15,0.0004,2.5,2,0.5,15.7,1.6,1.41,6.76,88.52,2.56E-09,23,20,16,0.711,1.2,41,40.956,40.824,40.61,40.323,39.97,39.565,39.116,38.634,38.128,37.606,37.073,36.535,35.994,35.454,34.916,34.382,33.854,33.331,32.814,32.305,31.31,30.348,29.881,29.424,28.538,27.692,26.888,26.126,25.76,25.404,24.721,24.077,23.468,22.892,22.615,22.346,21.829,21.336,20.195,19.156,18.187,17.268,15.533,13.915,12.427,11.098,9.945,8.972,8.169,7.516,6.969,6.564,6.216,5.927,5.68,4.71,3.86,3.065,2.405,1.69,1.327,5,7,1,0,6,0,5,1,0,4,0,164,147,125,116,1.23,1.53,0.51,143,145,198,,146,18.15,8570,7.30E-06,170,38,105,736,1320,6,1.50E-07,6700000,4.05,1.64,4.89,2700.00,186,185,1.73239376,26.8,690,5017,2750,275,7.57,170.2,0.587,0,-10.093322,3.312897,4.173989,0,18.18
Mo,42,95.96,50,2.6,0.0009,3,0,3,10.7,2.16,1.47,7.09,72.1,1.12E-09,23,20,16,0.722,1.2,42,41.958,41.831,41.625,41.346,41.003,40.606,40.164,39.686,39.181,38.656,38.117,37.569,37.016,36.461,35.907,35.355,34.806,34.263,33.725,33.195,32.157,31.153,30.665,30.188,29.263,28.382,27.543,26.749,26.368,25.998,25.289,24.62,23.989,23.394,23.109,22.832,22.3,21.796,20.638,19.595,18.635,17.732,16.036,14.448,12.968,11.621,10.43,9.404,8.542,7.831,7.251,6.78,6.397,6.08,5.813,4.827,3.988,3.217,2.581,1.766,1.373,6,6,1,0,5,0,6,1,0,5,0,154,138,121,113,1.22,1.5,0.49,139,145,190,,139,15.59,10280,4.80E-06,230,20,329,1500,1530,5.5,5.00E-08,20000000,4.65,1.77,4.45,3000.00,188,200,2.1430148,36,600,4912,2896,450,6.82,272.5,0.366,0,-10.846108,3.154164,3.973998,0,15.69
Tc,43,98,53,22,,2.5,0,2.5,11.9,1.9,1.51,7.28,53,3.35E-09,22,18,15,0.731,1.3,43,42.955,42.821,42.603,42.308,41.945,41.526,41.059,40.557,40.028,39.48,38.921,38.355,37.787,37.221,36.658,36.1,35.548,35.003,34.466,33.936,32.9,31.897,31.409,30.93,29.998,29.104,28.25,27.435,27.042,26.66,25.925,25.229,24.571,23.949,23.651,23.361,22.806,22.28,21.08,20.012,19.042,18.142,16.477,14.925,13.466,12.116,10.9,9.833,8.919,8.154,7.521,7.004,6.582,6.234,5.946,4.93,4.11,3.35,2.69,1.84,1.42,6,5,0,0,5,0,7,2,0,5,0,147,128,120,110,1.16,1.49,0.455,136,135,183,,136,14.22,11500,,,,,,,,2.00E-07,5000000,5.3,1.81,4.21,3150.00,186,195,1.707570176,23,550,4538,2430,,6.85,,,0,-10.355151,3.057056,3.851649,0,14.285
Ru,44,101.07,56,2.6,0.0009,2,3,5,9.6,2.2,1.54,7.36,100.96,5.48E-10,21,17,14,0.736,1.2,44,43.96,43.842,43.649,43.386,43.061,42.681,42.254,41.789,41.292,40.77,40.229,39.674,39.108,38.536,37.959,37.381,36.803,36.228,35.655,35.088,33.971,32.886,32.356,31.837,30.829,29.866,28.949,28.079,27.662,27.257,26.48,25.749,25.062,24.415,24.106,23.807,23.235,22.696,21.476,20.403,19.438,18.551,16.922,15.405,13.968,12.62,11.385,10.282,9.323,8.506,7.823,7.258,6.794,6.412,6.097,5.04,4.23,3.485,2.82,1.925,1.47,6,4,1,0,3,0,8,1,0,7,0,146,125,114,103,1.145,1.46,0.45,134,130,178,,134,14.03,12370,6.40E-06,220,173,447,2160,,6.5,7.00E-08,14000000,5.4,1.83,4.06,3050.00,174,185,2.079181246,25.7,580,4423,2607,600,6.74,320.8,0.311,0,-9.194634,3.000741,3.780696,0,13.51
Rh,45,102.9055,59,145,0.063,1.5,3,4.5,8.6,2.28,1.56,7.46,110.27,1.40E-09,20,17,14,0.741,1.2,45,44.961,44.847,44.66,44.405,44.088,43.717,43.299,42.842,42.351,41.834,41.296,40.741,40.173,39.597,39.015,38.429,37.841,37.254,36.668,36.086,34.937,33.815,33.267,32.728,31.68,30.675,29.717,28.807,28.37,27.944,27.13,26.363,25.642,24.964,24.64,24.327,23.729,23.167,21.9,20.798,19.82,18.932,17.326,15.845,14.44,13.107,11.866,10.74,9.743,8.88,8.148,7.535,7.028,6.608,6.262,5.14,4.35,3.62,2.94,2.012,1.52,6,3,1,0,2,0,9,1,0,8,0,142,125,110,106,1.11,1.41,0.42,132,135,173,,134,11.58,12450,8.00E-06,380,150,275,1100,1246,6,4.30E-08,23000000,5.4,1.76,4.1,2700.00,155,165,2.176091259,21.7,495,3968,2237,480,5.75,270.4,0.369,0,-7.253646,3.010335,3.792784,0,13.64
Pd,46,106.42,62,6.9,0.0023,0,0,0,4.8,2.2,1.58,8.34,54.24,6.99E-09,18,16,13,0.783,2.1,46,45.968,45.874,45.718,45.503,45.232,44.908,44.535,44.119,43.663,43.172,42.651,42.105,41.538,40.954,40.357,39.75,39.137,38.52,37.902,37.286,36.064,34.868,34.283,33.708,32.592,31.523,30.505,29.54,29.077,28.628,27.769,26.961,26.202,25.491,25.153,24.825,24.201,23.617,22.307,21.177,20.186,19.296,17.711,16.266,14.893,13.58,12.342,11.2,10.173,9.27,8.492,7.833,7.282,6.824,6.443,5.24,4.46,3.74,3.08,2.1,1.575,4,0,0,0,0,0,10,0,0,10,0,139,120,117,112,1.08,1.37,0.4,142,140,169,163,137,14.72,12023,1.18E-05,180,44,121,37.2,461,4.75,1.00E-07,10000000,5.45,1.67,4.29,2050.00,124,135,1.857332496,16.7,380,3236,1828.05,274,3.89,180.8,0.553,0,-5.137775,3.065947,3.862851,0,14.41
Ag,47,107.8682,65,63.6,0.02,0.5,0,0.5,5.44,1.93,1.87,7.58,125.86,-2.45E-10,20,17,14,0.746,1.2,47,46.964,46.857,46.681,46.44,46.139,45.786,45.385,44.944,44.469,43.964,43.435,42.886,42.322,41.744,41.157,40.563,39.964,39.361,38.758,38.154,36.955,35.774,35.192,34.619,33.498,32.416,31.378,30.387,29.91,29.444,28.551,27.707,26.911,26.163,25.805,25.459,24.8,24.181,22.795,21.607,20.575,19.661,18.069,16.651,15.316,14.035,12.813,11.669,10.623,9.687,8.869,8.165,7.569,7.069,6.651,5.351,4.566,3.862,3.207,2.206,1.635,1,1,1,0,0,0,11,1,0,10,0,145,128,139,137,1.045,1.33,0.385,144,160,165,172,144,17.05,10490,1.89E-05,100,30,85,24.5,251,2.5,1.60E-08,62000000,4.35,1.36,4.72,1250.00,83,90,2.633468456,11.3,255,2435,1234.93,225,2.95,100.7,0.993,0,-2.765394,3.196481,4.027313,0,16.33
Cd,48,112.411,70,2450,1.4,0,0,0,7.4,1.69,1.52,8.99,-68,-2.59E-10,16,14,11,0.813,1.6,48,47.962,47.848,47.66,47.404,47.085,46.71,46.287,45.822,45.324,44.797,44.248,43.683,43.104,42.517,41.923,41.325,40.726,40.126,39.527,38.93,37.746,36.581,36.007,35.44,34.329,33.251,32.21,31.21,30.725,30.252,29.338,28.468,27.644,26.865,26.492,26.129,25.436,24.784,23.32,22.063,20.978,20.027,18.405,17,15.698,14.451,13.253,12.116,11.06,10.101,9.249,8.505,7.867,7.326,6.871,5.461,4.665,3.977,3.33,2.304,1.698,2,0,0,0,0,0,12,2,0,10,0,144,136,144,,0.985,1.23,0.37,157,155,161,158,151,21.59,8650,3.08E-05,42,19,50,203,,2,7.00E-08,14000000,4.05,1.24,5.53,740.00,57,41,1.986771734,6.3,100,1040,594.22,209,1.16,46.7,2.14,0,-0.812174,3.390922,4.272293,0,19.495
In,49,114.818,75,194,0.06,0.5,1,0.5,9.19,1.78,1.66,5.79,37.04,-1.61E-10,26,22,18,0.652,0.58,49,48.957,48.828,48.618,48.332,47.98,47.57,47.112,46.614,46.086,45.534,44.964,44.383,43.793,43.199,42.603,42.006,41.41,40.817,40.226,39.639,38.478,37.337,36.774,36.218,35.125,34.059,33.025,32.025,31.538,31.06,30.134,29.247,28.401,27.596,27.209,26.832,26.108,25.425,23.881,22.552,21.405,20.408,18.736,17.329,16.053,14.84,13.67,12.548,11.492,10.518,9.639,8.86,8.184,7.603,7.11,5.577,4.761,4.087,3.449,2.406,1.746,3,5,0,5,0,0,13,2,1,10,0,142,142,136,146,0.94,1.11,0.36,155,155,156,193,167,26.14,7310,3.21E-05,,,11,8.83,,1.2,8.00E-08,12000000,3.9,1.17,6.28,675.00,60,46,1.913813852,3.26,230,2345,429.75,108,2.52,41.1,2.43,0,-2.666802,3.647318,4.595332,0,24.26
Sn,50,118.71,80,0.62,0.0002,1,1,0,7.84,1.96,1.82,7.34,107.3,-3.68E-10,23,19,16,0.735,1,50,49.955,49.821,49.601,49.303,48.934,48.504,48.022,47.498,46.942,46.361,45.764,45.155,44.541,43.924,43.309,42.696,42.088,41.486,40.891,40.302,39.145,38.016,37.462,36.915,35.841,34.794,33.775,32.786,32.303,31.828,30.902,30.011,29.154,28.334,27.938,27.551,26.805,26.096,24.482,23.081,21.868,20.815,19.073,17.646,16.384,15.201,14.062,12.962,11.913,10.933,10.034,9.227,8.516,7.897,7.367,5.702,4.853,4.192,3.565,2.509,1.835,4,4,0,4,0,0,14,2,2,10,0,139,140,130,132,0.88,1,0.345,155,145,145,217,,27.05,7310,2.20E-05,58,18,50,51,,1.5,1.10E-07,9100000,4.15,1.24,6.43,675.00,62,50,1.826074803,7,290,2875,505.08,200,3.14,111,0.901,0,-3.961047,4.052841,5.106259,0,33.285
Sb,51,121.76,85,5.4,0.0016,1.5,0,1.5,6.25,2.05,1.98,8.64,101.06,-1.33E-09,20,17,14,0.797,1.7,51,50.955,50.819,50.596,50.293,49.915,49.474,48.977,48.434,47.856,47.25,46.625,45.988,45.344,44.699,44.056,43.419,42.789,42.168,41.556,40.955,39.783,38.652,38.1,37.556,36.495,35.465,34.464,33.491,33.016,32.547,31.631,30.745,29.888,29.063,28.663,28.27,27.511,26.784,25.113,23.646,22.366,21.253,19.424,17.958,16.696,15.537,14.429,13.355,12.321,11.341,10.431,9.602,8.861,8.208,7.642,5.836,4.945,4.295,3.678,2.615,1.909,5,3,0,3,0,0,15,2,3,10,0,139,140,133,127,0.83,0.935,0.335,155,145,133,206,,30.21,6697,1.10E-05,42,20,55,294,,3,4.00E-07,2500000,4.4,1.26,6.6,535.00,50,40,1.380211242,19.7,67,1860,903.78,211,2.75,38.3,2.61,0,-4.117362,3.981582,5.016479,0,31.56
Te,52,127.6,90,5.4,0.0013,1,1,2,5.5,2.1,2.16,9.01,190.16,-4.98E-10,19,16,13,0.814,1.6,52,51.954,51.818,51.594,51.288,50.906,50.458,49.951,49.395,48.8,48.174,47.526,46.863,46.193,45.519,44.848,44.182,43.526,42.879,42.245,41.623,40.419,39.267,38.709,38.163,37.102,36.079,35.09,34.131,33.663,33.202,32.299,31.424,30.575,29.753,29.352,28.959,28.194,27.458,25.748,24.226,22.885,21.711,19.783,18.262,16.986,15.841,14.759,13.712,12.698,11.726,10.811,9.966,9.201,8.518,7.921,5.98,5.04,4.39,3.78,2.722,1.99,6,2,0,2,0,0,16,2,4,10,0,138,136,128,121,0.79,0.88,0.325,140,140,123,206,,33.94,6240,,65,16,43,180,,2.25,0.0001,10000,,,,,,,0.477121255,17.5,48,1261,722.66,153,2.19,23,4.35,0.464,-3.141303,4.111975,5.180764,0,34.763333
I,53,126.90447,96,6.3,0.0018,0.5,1,1.5,5.11,2.66,2.36,10.45,295.15,-1.14E-09,16,13,11,0.876,1.9,53,52.955,52.82,52.597,52.292,51.911,51.46,50.95,50.387,49.781,49.142,48.476,47.793,47.099,46.4,45.702,45.008,44.323,43.648,42.987,42.34,41.091,39.904,39.333,38.776,37.702,36.675,35.69,34.741,34.279,33.824,32.936,32.075,31.238,30.427,30.03,29.64,28.877,28.141,26.412,24.851,23.459,22.228,20.193,18.599,17.293,16.15,15.09,14.072,13.082,12.125,11.214,10.36,9.576,8.868,8.239,6.142,5.132,4.478,3.891,2.828,2.067,7,1,0,1,0,0,17,2,5,10,0,139,133,129,125,0.755,0.83,0.315,,140,115,198,,42.51,4940,,7.7,,,,,,10000000,1.00E-07,,,,,,,-0.347753659,7.76,20.9,457.3,386.85,,1.11,,,1.062,-1.505402,4.414518,5.561944,0,43.015
Xe,54,131.293,102,25,0.0083,0,0,0,,2.6,2.58,12.13,-77,-5.65E-10,12,10,8.2,0.944,2.2,54,53.956,53.821,53.601,53.297,52.917,52.467,51.954,51.388,50.775,50.125,49.447,48.747,48.033,47.311,46.588,45.868,45.155,44.453,43.763,43.088,41.788,40.557,39.967,39.393,38.294,37.251,36.259,35.31,34.85,34.399,33.52,32.671,31.847,31.047,30.656,30.271,29.517,28.785,27.054,25.47,24.038,22.758,20.618,18.943,17.591,16.438,15.39,14.396,13.432,12.494,11.592,10.736,9.94,9.212,8.556,6.315,5.229,4.566,3.991,2.935,2.15,6,0,0,0,0,0,18,2,6,10,0,140,131,135,122,0.75,0.81,0.305,,,108,216,,57.83,5.9,,,,,,,,,,,,,,,,-2.247951552,2.3,12.64,165,161.3,64,0.16,,,6.456,0.048731,4.751892,5.987009,0,53.65
Cs,55,132.905452,5,29,0.0077,0.5,0,0.5,,0.79,0.66,3.89,45.51,3.72E-10,51,44,36,0.535,0.41,55,54.932,54.732,54.417,54.008,53.527,52.996,52.43,51.839,51.229,50.603,49.963,49.309,48.645,47.971,47.291,46.606,45.921,45.237,44.559,43.888,42.578,41.32,40.713,40.121,38.982,37.904,36.881,35.909,35.44,34.981,34.094,33.241,32.419,31.624,31.236,30.854,30.107,29.382,27.661,26.072,24.619,23.303,21.072,19.31,17.9,16.722,15.676,14.7,13.759,12.845,11.956,11.104,10.303,9.558,8.881,6.502,5.332,4.651,4.087,3.041,2.237,1,1,1,0,0,0,1,1,0,0,0,244,232,209,,1.71,2.6,,264,260,298,343,265,67.55,1879,,1.6,,1.7,0.14,,0.2,2.00E-07,5000000,1.95,0.55,16.86,95.00,22,23,1.556302501,2.09,64,944,301.59,38,0.8,2,50,0,-0.854626,6.140481,7.736522,0,115.765
Ba,56,137.327,9,1.3,0.00027,0,0,0,40.7,0.89,0.88,5.21,13.95,1.55E-09,35,29,25,0.619,0.78,56,55.925,55.703,55.35,54.888,54.345,53.743,53.106,52.45,51.786,51.122,50.46,49.802,49.146,48.492,47.839,47.186,46.533,45.882,45.232,44.586,43.309,42.064,41.456,40.859,39.702,38.598,37.546,36.545,36.063,35.593,34.685,33.818,32.986,32.187,31.798,31.415,30.67,29.948,28.238,26.652,25.189,23.851,21.547,19.701,18.224,17.008,15.953,14.988,14.067,13.175,12.305,11.461,10.661,9.907,9.213,6.704,5.44,4.735,4.178,3.146,2.325,2,0,0,0,0,0,2,2,0,0,0,215,196,161,149,1.515,1.887,0.94,223,215,253,268,222,62.88,3510,2.06E-05,9.6,4.9,13,,,1.25,3.50E-07,2900000,2.32,0.81,11.32,370.00,59,62,1.255272505,8,140,2143,1000,110,1.9,10.3,9.97,0,-1.923522,5.028899,6.336016,0,63.59
La,57,138.90547,13,8.98,0.0023,0.5,2,1.5,31.7,1.1,,5.58,53,1.53E-09,32,27,23,0.64,0.9,57,56.926,56.708,56.36,55.9,55.351,54.736,54.076,53.388,52.687,51.982,51.278,50.58,49.888,49.202,48.523,47.849,47.182,46.519,45.862,45.212,43.932,42.686,42.078,41.481,40.321,39.212,38.153,37.145,36.659,36.185,35.27,34.397,33.562,32.76,32.37,31.988,31.243,30.523,28.817,27.231,25.759,24.401,22.031,20.106,18.561,17.3,16.227,15.265,14.362,13.489,12.636,11.807,11.009,10.253,9.55,6.917,5.55,4.82,4.27,3.24,2.41,3,9,0,0,9,0,3,2,0,1,0,207,180,139,139,1.375,1.705,0.874,187,195,195,,187,37.42,6146,1.21E-05,28,14,37,363,491,2.5,6.10E-07,1600000,3.17,1.18,7.98,1020.00,115,120,1.113943352,6.3,400,3737,1193,142,4.47,24.3,4.12,0,-4.927546,4.194456,5.284683,0,36.8975
Ce,58,140.116,15,0.6,0.00021,0,4,4,30.3,1.12,,5.54,55,3.08E-08,,,,,,58,57.928,57.715,57.375,56.924,56.385,55.779,55.127,54.446,53.75,53.047,52.345,51.646,50.952,50.263,49.579,48.901,48.227,47.557,46.892,46.233,44.933,43.663,43.042,42.432,41.244,40.104,39.014,37.975,37.474,36.985,36.04,35.139,34.277,33.451,33.051,32.658,31.893,31.154,29.409,27.791,26.289,24.901,22.469,20.481,18.881,17.583,16.491,15.526,14.633,13.776,12.939,12.123,11.333,10.576,9.868,7.117,5.663,4.91,4.36,3.34,2.49,4,22,0,0,9,13,4,2,0,1,1,204,163,137,131,,,,182,185,158,,181.8,34.47,6689,6.30E-06,22,14,34,412,270,2.5,7.50E-07,1400000,,,,1040.00,114,120,1.041392685,5.5,350,3633,1071,,4.32,23.9,4.18,0,-4.77657,4.207394,5.300985,0,37.24
Pr,59,140.90765,17,11.4,0.0029,1.5,6,4.5,32,1.13,,5.46,93,5.96E-08,,,,,,59,58.929,58.722,58.392,57.956,57.439,56.861,56.242,55.599,54.943,54.281,53.617,52.952,52.288,51.623,50.957,50.289,49.62,48.95,48.28,47.61,46.278,44.967,44.323,43.688,42.448,41.256,40.113,39.022,38.496,37.982,36.989,36.042,35.137,34.269,33.849,33.437,32.635,31.862,30.04,28.358,26.803,25.37,22.867,20.824,19.182,17.854,16.745,15.776,14.888,14.042,13.218,12.414,11.631,10.878,10.166,7.333,5.8,5,4.445,3.435,2.58,4,11,0,0,0,11,5,2,0,0,3,203,176,138,128,,,,183,185,247,,182.4,34.5,6640,6.70E-06,29,15,37,481,400,,7.00E-07,1400000,3.19,1.2,7.56,1080.00,115,120,1.113943352,6.9,330,3563,1204,,3.7,30.6,3.27,0,-4.77383,4.147611,5.225662,0,35.675
Nd,60,144.242,19,49,0.011,2,6,4,30.9,1.14,,5.53,184.87,6.92E-08,,,,,,60,59.931,59.728,59.404,58.977,58.468,57.899,57.288,56.651,56,55.342,54.68,54.017,53.354,52.689,52.022,51.353,50.682,50.009,49.334,48.66,47.317,45.989,45.336,44.69,43.428,42.21,41.04,39.92,39.379,38.851,37.83,36.854,35.922,35.029,34.596,34.171,33.347,32.553,30.683,28.96,27.367,25.899,23.325,21.214,19.513,18.139,17.003,16.024,15.138,14.303,13.493,12.704,11.932,11.185,10.473,7.567,5.93,5.09,4.525,3.53,2.67,3,10,0,0,0,10,6,2,0,0,4,201,174,137,,,,,182,185,206,,181.4,34.2,7010,9.60E-06,32,16,41,265,343,,6.40E-07,1600000,3.19,1.2,7.51,1080.00,115,120,1.230448921,7.1,285,3373,1294,,3.4,32.7,3.06,0,-4.762351,4.113814,5.183081,0,34.81
Pm,61,145,21,8400,,2.5,5,2.5,29.7,,,5.6,12.45,,,,,,,61,60.932,60.734,60.417,59.998,59.497,58.936,58.333,57.703,57.057,56.403,55.744,55.084,54.422,53.758,53.091,52.422,51.749,51.074,50.398,49.72,48.367,47.026,46.364,45.71,44.427,43.186,41.991,40.844,40.289,39.747,38.697,37.694,36.735,35.815,35.37,34.933,34.085,33.269,31.349,29.581,27.948,26.442,23.796,21.616,19.853,18.43,17.262,16.266,15.378,14.551,13.755,12.98,12.22,11.481,10.773,7.817,6.088,5.18,4.6,3.625,2.77,3,9,0,0,0,9,7,2,0,0,5,199,173,135,,,,,185,185,205,,183.4,33.67,7264,1.10E-05,33,18,46,,,,7.50E-07,1300000,3.19,1.21,7.43,1100.00,115,120,1.176091259,7.7,290,3273,1373,,,,,0,-4.744621,4.075343,5.13461,0,33.8425
Sm,62,150.36,23,5900,4.7,3,3,0,28.5,1.17,,5.64,15.63,1.67E-08,,,,,,62,61.934,61.74,61.428,61.017,60.525,59.972,59.377,58.753,58.113,57.463,56.809,56.151,55.491,54.828,54.163,53.493,52.821,52.145,51.467,50.786,49.426,48.074,47.406,46.743,45.443,44.18,42.961,41.789,41.221,40.666,39.589,38.559,37.573,36.627,36.169,35.72,34.848,34.008,32.036,30.222,28.547,27.002,24.281,22.03,20.202,18.728,17.523,16.507,15.613,14.79,14.005,13.243,12.497,11.767,11.064,8.083,6.25,5.28,4.675,3.72,2.865,3,8,0,0,0,8,8,2,0,0,6,198,172,134,,,,,185,185,238,,180.4,33.14,7353,1.27E-05,38,20,50,441,412,,9.40E-07,1100000,3.2,1.21,7.37,,,,1.113943352,8.5,175,2076,1345,,2.14,29.4,3.4,0,-4.71338,4.050607,5.103445,0,33.23
Eu,63,151.964,25,4570,0.6,3.5,0,3.5,27.3,,,5.67,11.2,4.19E-08,,,,,,63,62.936,62.746,62.441,62.036,61.552,61.007,60.419,59.801,59.166,58.521,57.869,57.214,56.555,55.893,55.228,54.559,53.886,53.21,52.53,51.847,50.48,49.119,48.444,47.775,46.458,45.176,43.935,42.74,42.16,41.591,40.489,39.433,38.421,37.451,36.98,36.519,35.623,34.761,32.737,30.877,29.161,27.576,24.781,22.459,20.565,19.035,17.789,16.747,15.841,15.02,14.245,13.494,12.763,12.044,11.345,8.348,6.435,5.378,4.75,3.812,2.965,3,7,0,0,0,7,9,2,0,0,7,198,168,134,,,,,196,185,231,,180.4,48.53,5244,3.50E-05,8.3,7.9,18,,167,,9.00E-07,1100000,,,,450.00,59,63,1.146128036,9.3,175,1800,1095,,1.86,14.7,6.8,0,-1.829587,4.177812,5.263713,0,36.46
Gd,64,157.25,27,4900,7.3,4,2,2,23.5,1.2,,6.15,13.22,,,,,,,64,63.936,63.749,63.447,63.044,62.557,62.004,61.4,60.762,60.102,59.427,58.746,58.061,57.375,56.69,56.005,55.321,54.637,53.953,53.27,52.588,51.227,49.878,49.209,48.546,47.24,45.965,44.729,43.533,42.951,42.38,41.272,40.207,39.184,38.203,37.726,37.259,36.352,35.479,33.428,31.543,29.802,28.192,25.335,22.94,20.97,19.372,18.072,16.995,16.072,15.247,14.477,13.741,13.022,12.317,11.631,8.683,6.588,5.49,4.83,3.905,3.07,3,16,0,0,9,7,10,2,0,1,7,196,169,135,132,,,,176,180,233,,180.4,32.98,7901,9.40E-06,38,22,55,,570,,1.30E-06,770000,3.2,1.21,7.34,1110.00,115,120,1.041392685,10,305,3523,1586,200,4.14,38.3,2.61,0,-4.654421,4.002082,5.042308,0,32.05
Tb,65,158.92535,29,23,0.009,2.5,5,7.5,25.1,,,5.86,112.4,2.16E-06,,,,,,65,64.938,64.755,64.461,64.071,63.603,63.073,62.499,61.894,61.27,60.634,59.989,59.34,58.686,58.029,57.366,56.699,56.028,55.351,54.67,53.985,52.61,51.234,50.549,49.868,48.523,47.208,45.929,44.69,44.087,43.496,42.346,41.241,40.179,39.16,38.665,38.18,37.237,36.329,34.199,32.243,30.438,28.772,25.822,23.353,21.323,19.675,18.338,17.234,16.296,15.465,14.697,13.968,13.259,12.564,11.886,8.983,6.775,5.61,4.915,3.99,3.17,3,5,0,0,0,5,11,2,0,0,9,194,168,135,,,,,176,175,225,,177.3,31.95,8219,1.03E-05,38.7,22,56,677,863,,1.20E-06,830000,3.21,1.22,7.2,1130.00,115,120,1.041392685,10.8,295,3503,1629,,4.05,39.9,2.51,0,-4.629218,3.988998,5.025822,0,31.736667
Dy,66,162.5,31,950,0.2,2,6,8,24.1,1.22,,5.94,33.96,8.86E-07,,,,,,66,65.939,65.76,65.471,65.088,64.627,64.105,63.538,62.94,62.321,61.689,61.049,60.403,59.752,59.097,58.437,57.771,57.101,56.425,55.744,55.059,53.681,52.3,51.611,50.926,49.57,48.24,46.944,45.686,45.073,44.471,43.299,42.171,41.086,40.042,39.536,39.039,38.073,37.143,34.958,32.953,31.103,29.394,26.366,23.821,21.721,20.011,18.623,17.483,16.522,15.68,14.913,14.19,13.491,12.808,12.141,9.267,6.963,5.72,5,4.075,3.27,3,4,0,0,0,4,12,2,0,0,10,192,167,133,,,,,175,175,228,,178.1,31.6,8551,1.00E-05,41,25,61,500,540,,9.10E-07,1100000,3.21,1.22,7.12,1140.00,115,120,1.041392685,11.1,280,2840,1685,210,3.04,38.4,2.6,0,-4.601554,3.968079,4.999467,0,31.24
Ho,67,164.93032,33,64,0.015,1.5,6,7.5,23.2,1.23,,6.02,32.61,9.05E-07,,,,,,67,66.94,66.763,66.476,66.093,65.627,65.096,64.513,63.895,63.251,62.591,61.921,61.247,60.569,59.891,59.212,58.532,57.851,57.169,56.486,55.803,54.435,53.07,52.39,51.714,50.375,49.059,47.772,46.52,45.908,45.305,44.131,42.996,41.903,40.849,40.337,39.834,38.856,37.914,35.699,33.664,31.786,30.049,26.958,24.343,22.167,20.385,18.934,17.746,16.753,15.895,15.123,14.406,13.718,13.047,12.392,9.533,7.163,5.85,5.09,4.155,3.355,3,3,0,0,0,3,13,2,0,0,11,192,166,133,,,,,177,175,226,,176.2,31.11,8795,1.12E-05,40,26,64,746,481,,9.40E-07,1100000,3.22,1.22,7.06,1150.00,115,120,1.204119983,17,265,2973,1747,,3.14,39.7,2.52,0,-4.577417,3.94651,4.972291,0,30.733333
Er,68,167.259,35,165,0.036,1,5,6,26.3,1.24,,6.11,30.1,6.31E-07,,,,,,68,67.941,67.769,67.491,67.12,66.673,66.166,65.613,65.028,64.42,63.798,63.167,62.528,61.884,61.234,60.578,59.917,59.249,58.576,57.897,57.213,55.833,54.445,53.75,53.058,51.683,50.329,49.004,47.712,47.081,46.459,45.246,44.075,42.945,41.857,41.327,40.808,39.797,38.822,36.531,34.425,32.483,30.688,27.497,24.8,22.556,20.718,19.221,17.998,16.98,16.107,15.329,14.612,13.929,13.267,12.621,9.783,7.375,5.98,5.18,4.235,3.44,3,2,0,0,0,2,14,2,0,0,12,189,165,133,,,,,175,175,226,,176.1,30.67,9066,1.22E-05,44,28,70,814,588,,8.60E-07,1200000,3.22,1.23,6.98,1170.00,115,120,1.176091259,19.9,285,3141,1770,,3.29,41.1,2.43,0,-4.563634,3.940151,4.964279,0,30.585
Tm,69,168.93421,37,105,0.025,0.5,3,3.5,21.4,1.25,,6.18,99,3.36E-07,,,,,,69,68.943,68.773,68.5,68.136,67.696,67.195,66.649,66.07,65.468,64.852,64.224,63.589,62.948,62.301,61.648,60.989,60.324,59.653,58.975,58.292,56.912,55.521,54.825,54.13,52.748,51.384,50.046,48.739,48.099,47.469,46.237,45.046,43.896,42.786,42.246,41.715,40.682,39.686,37.342,35.187,33.198,31.359,28.086,25.311,22.995,21.089,19.535,18.266,17.215,16.321,15.533,14.815,14.137,13.483,12.847,10.033,7.588,6.11,5.28,4.31,3.52,3,1,0,0,0,1,15,2,0,0,13,190,164,131,,,,,175,175,222,,175.9,30.14,9321,1.33E-05,45,31,74,471,520,,7.00E-07,1400000,3.22,1.23,6.9,,,,1.230448921,16.8,250,2223,1818,,2.42,39.7,2.52,0,-4.473878,3.905274,4.920338,0,29.78
Yb,70,173.054,39,35,0.0076,0,1,0,20.6,,,6.25,-1.93,1.02E-09,,,,,,70,69.944,69.777,69.509,69.151,68.717,68.223,67.684,67.112,66.516,65.904,65.281,64.65,64.012,63.368,62.718,62.062,61.399,60.729,60.053,59.371,57.992,56.601,55.903,55.206,53.817,52.444,51.095,49.774,49.127,48.488,47.239,46.029,44.859,43.728,43.178,42.637,41.583,40.565,38.169,35.964,33.929,32.045,28.69,25.837,23.447,21.474,19.86,18.542,17.454,16.536,15.735,15.013,14.338,13.691,13.064,10.267,7.788,6.25,5.38,4.38,3.6,3,0,0,0,0,0,16,2,0,0,14,187,170,129,,,,,190,175,222,,176,41.17,6570,2.63E-05,31,9.9,24,343,206,,2.80E-07,3600000,,,,500.00,60,65,1.591064607,7.7,160,1469,1092,120,1.6,13.3,7.52,0,-1.474104,4.086451,5.148606,0,34.12
Lu,71,174.9668,41,85,0.022,0.5,2,1.5,20.3,1.27,1.09,5.43,33.4,2.10E-10,,,,,,71,70.944,70.778,70.509,70.148,69.707,69.202,68.646,68.051,67.429,66.789,66.137,65.477,64.813,64.146,63.478,62.807,62.134,61.46,60.783,60.103,58.739,57.369,56.683,55.998,54.634,53.282,51.95,50.642,49.998,49.363,48.117,46.906,45.731,44.593,44.038,43.492,42.427,41.398,38.97,36.733,34.666,32.752,29.334,26.413,23.95,21.902,20.219,18.842,17.709,16.759,15.939,15.208,14.534,13.894,13.277,10.5,8.013,6.4,5.49,4.45,3.68,3,9,0,0,9,0,17,2,0,1,14,175,162,131,131,,,,175,175,217,,173.8,29.52,9841,1.00E-05,48,27,67,893,1160,,5.70E-07,1800000,3.22,1.24,6.81,1125.00,118,125,1.204119983,22,415,3675,1936,210,4.43,41.1,2.43,0,-4.523,3.864861,4.869419,0.002247,28.865
Hf,72,178.49,45,104,0.02,1,3,2,16.2,1.3,1.16,6.82,17.18,9.46E-10,22,18,15,0.74,1.3,72,71.945,71.783,71.518,71.161,70.723,70.217,69.656,69.052,68.416,67.757,67.083,66.4,65.711,65.019,64.326,63.634,62.942,62.251,61.56,60.87,59.492,58.119,57.434,56.752,55.396,54.054,52.733,51.435,50.796,50.164,48.924,47.717,46.543,45.405,44.849,44.301,43.232,42.197,39.752,37.494,35.404,33.465,29.992,27.008,24.473,22.352,20.598,19.159,17.975,16.988,16.145,15.403,14.727,14.091,13.481,10.733,8.238,6.56,5.6,4.52,3.755,4,8,0,0,8,0,18,2,0,2,14,187,152,128,122,1.3,1.61,0.63,158,155,208,,159,22.42,13310,5.90E-06,110,30,78,1700,1760,5.5,3.00E-07,3300000,3.6,1.45,5.65,2150.00,171,180,1.361727836,25.5,630,4876,2506,252,6.44,109,0.92,0,-9.954299,3.541014,4.461398,0,22.2
Ta,73,180.94788,48,20.5,0.0041,1.5,3,1.5,13.1,1.5,1.34,7.89,31,1.94E-09,20,17,14,0.762,1.4,73,72.946,72.788,72.529,72.177,71.745,71.242,70.68,70.072,69.428,68.758,68.069,67.367,66.658,65.944,65.229,64.515,63.802,63.09,62.382,61.675,60.271,58.88,58.189,57.502,56.141,54.799,53.479,52.185,51.548,50.918,49.683,48.479,47.308,46.171,45.615,45.068,43.998,42.962,40.508,38.238,36.132,34.175,30.658,27.618,25.016,22.823,20.998,19.494,18.256,17.228,16.356,15.598,14.916,14.282,13.679,10.95,8.48,6.74,5.71,4.585,3.825,5,7,0,0,7,0,19,2,0,3,14,170,146,126,119,1.25,1.54,0.605,145,145,200,,146,17.65,16650,6.30E-06,200,69,186,800,873,6.5,1.30E-07,7700000,4.05,1.63,4.89,3150.00,217,225,1.755874856,36,736,5731,3290,240,8.1,200,0.5,0,-11.8514,3.309249,4.169392,0,18.12
W,74,183.84,51,18.4,0.0036,2,2,0,11.1,2.36,1.47,7.98,78.76,8.44E-10,20,17,14,0.766,1.4,74,73.948,73.793,73.539,73.194,72.767,72.269,71.711,71.103,70.455,69.778,69.078,68.363,67.637,66.906,66.172,65.437,64.703,63.972,63.243,62.519,61.082,59.663,58.961,58.265,56.888,55.536,54.21,52.912,52.274,51.644,50.408,49.205,48.036,46.9,46.344,45.797,44.728,43.691,41.236,38.96,36.846,34.878,31.327,28.238,25.576,23.313,21.418,19.847,18.552,17.478,16.575,15.796,15.104,14.469,13.871,11.167,8.706,6.9,5.84,4.65,3.9,6,6,0,0,6,0,20,2,0,4,14,162,137,120,115,1.22,1.515,0.59,135,135,193,,139,15.85,19250,4.50E-06,310,161,411,2570,3430,7.5,5.00E-08,20000000,4.8,1.81,4.5,3675.00,223,250,2.230448921,35,800,5828,3695,400,8.9,323.2,0.309,0,-12.958801,3.178106,4.004162,0,16.05
Re,75,186.207,54,90,0.016,2.5,0,2.5,9.05,1.9,1.6,7.88,5.83,8.49E-10,20,17,14,0.761,1.4,75,74.949,74.797,74.548,74.209,73.788,73.295,72.74,72.132,71.482,70.799,70.091,69.365,68.625,67.878,67.126,66.372,65.619,64.868,64.121,63.378,61.906,60.457,59.742,59.034,57.637,56.27,54.932,53.627,52.986,52.354,51.114,49.91,48.739,47.603,47.048,46.501,45.432,44.396,41.94,39.662,37.544,35.569,31.993,28.865,26.148,23.821,21.856,20.219,18.864,17.742,16.801,15.998,15.293,14.653,14.057,11.383,8.938,7.08,5.96,4.715,3.97,7,5,0,0,5,0,21,2,0,5,14,151,131,119,110,1.19,1.49,0.565,137,135,188,,137,14.71,21020,6.20E-06,370,178,463,1320,2450,7,1.80E-07,5600000,5.2,1.85,4.28,3600.00,217,230,1.681241237,33,705,5869,3459,430,8.03,372,0.269,0,-12.417028,3.083225,3.884621,0,14.655
Os,76,190.23,57,15,0.0023,2,2,4,8.5,2.2,1.65,8.71,103.99,1.10E-10,18,15,13,0.801,1.7,76,75.95,75.801,75.538,75.225,74.81,74.323,73.772,73.167,72.518,71.832,71.119,70.384,69.634,68.874,68.107,67.337,66.566,65.797,65.031,64.269,62.761,61.278,60.548,59.825,58.403,57.013,55.658,54.339,53.692,53.055,51.807,50.596,49.422,48.283,47.726,47.179,46.109,45.072,42.617,40.34,38.222,36.244,32.654,29.495,26.732,24.345,22.314,20.61,19.194,18.019,17.038,16.206,15.483,14.835,14.239,11.583,9.163,7.27,6.08,4.788,4.035,6,4,0,0,4,0,22,2,0,6,14,144,129,116,109,1.17,1.48,0.543,135,130,185,,135,13.8,22590,5.10E-06,,222,,3920,,7,8.00E-08,12000000,5.4,1.85,4.15,3450.00,202,210,1.944482672,31,630,5285,3306,500,8.17,,,0,-11.220704,3.043082,3.834043,0,14.09
Ir,77,192.217,60,425,0.081,1.5,3,4.5,7.6,2.2,1.68,9.12,150.94,3.21E-10,17,14,12,0.816,1.7,77,76.951,76.806,76.567,76.24,75.832,75.352,74.806,74.206,73.558,72.872,72.156,71.416,70.658,69.887,69.108,68.324,67.538,66.752,65.969,65.189,63.645,62.127,61.38,60.641,59.189,57.773,56.395,55.056,54.401,53.756,52.496,51.274,50.091,48.946,48.387,47.837,46.765,45.726,43.269,40.994,38.878,36.901,33.305,30.125,27.323,24.882,22.789,21.019,19.541,18.312,17.287,16.422,15.678,15.018,14.418,11.783,9.4,7.46,6.21,4.86,4.105,6,3,0,0,3,0,23,2,0,7,14,141,122,115,107,1.16,1.468,0.526,136,135,180,,135.5,13.88,22560,6.40E-06,320,210,528,1670,1760,6.5,4.70E-08,21000000,5.55,1.83,4.17,3000.00,178,190,2.176091259,26,560,4701,2739,420,6.94,355,0.282,0,-8.848511,3.051697,3.844897,0,14.21
Pt,78,195.084,63,10,0.002,1,2,3,6.5,2.28,1.72,9.02,205.04,2.38E-09,17,14,12,0.812,1.5,78,77.955,77.82,77.599,77.295,76.914,76.462,75.946,75.373,74.751,74.086,73.386,72.656,71.902,71.13,70.343,69.546,68.742,67.934,67.125,66.317,64.709,63.125,62.344,61.571,60.056,58.582,57.152,55.769,55.094,54.432,53.141,51.897,50.697,49.54,48.977,48.424,47.347,46.308,43.86,41.601,39.502,37.539,33.958,30.766,27.93,25.437,23.281,21.445,19.902,18.616,17.545,16.644,15.875,15.202,14.595,11.983,9.62,7.65,6.34,4.935,4.175,6,2,1,0,1,0,24,1,0,9,14,136,123,112,110,1.24,1.46,0.51,139,135,177,175,138.5,15.1,21090,8.90E-06,230,61,168,392,549,3.5,1.10E-07,9400000,5.65,1.78,4.36,2475.00,152,160,1.857332496,20,490,4098,2041.4,240,5.84,278.3,0.359,0,-6.02851,3.108613,3.916607,0,15.02
Au,79,196.966569,66,98.7,0.017,0.5,0,0.5,4.13,2.54,1.92,9.23,222.75,-3.51E-10,16,14,11,0.823,1.6,79,78.957,78.826,78.609,78.311,77.936,77.491,76.981,76.414,75.797,75.135,74.437,73.706,72.95,72.173,71.38,70.575,69.761,68.941,68.119,67.296,65.657,64.039,63.241,62.452,60.902,59.395,57.935,56.523,55.835,55.16,53.846,52.581,51.363,50.191,49.622,49.063,47.976,46.929,44.469,42.207,40.11,38.153,34.581,31.387,28.53,25.998,23.789,21.892,20.287,18.943,17.821,16.88,16.081,15.388,14.77,12.168,9.826,7.878,6.489,5.01,4.244,5,1,1,0,0,0,25,1,0,10,14,136,124,121,123,1.21,1.45,0.488,143,135,174,166,144,16.96,19300,1.42E-05,220,27,78,2450,216,2.5,2.20E-08,45000000,5.15,1.57,4.7,1500.00,99,100,2.505149978,12.5,330,3129,1337.33,165,3.81,173.2,0.577,0,-3.209693,3.220442,4.057503,0,16.7
Hg,80,200.59,71,374,0.063,0,0,0,5.08,2,1.76,10.44,-48,-4.21E-10,14,12,10,0.876,1.9,80,79.556,79.819,79.595,79.286,78.899,78.439,77.913,77.33,76.696,76.018,75.303,74.559,73.79,73.001,72.198,71.385,70.564,69.74,68.914,68.088,66.447,64.828,64.029,63.239,61.687,60.177,58.711,57.292,56.6,55.92,54.595,53.318,52.088,50.902,50.326,49.761,48.661,47.601,45.113,42.829,40.718,38.753,35.176,31.98,29.112,26.554,24.303,22.354,20.692,19.29,18.116,17.131,16.298,15.581,14.949,12.36,10.049,8.081,6.644,5.09,4.31,2,0,0,0,0,0,26,2,0,10,14,132,133,142,,1.07,1.34,0.475,152,150,171,155,151,23.82,13534,0.000181,25,,,,,,9.60E-07,1000000,4.2,1.24,5.83,575.00,47,40,0.919078092,2.3,59.2,629.73,234.32,71.9,0.67,38.2,2.6,0,-0.250106,3.695665,4.656246,0,25.237586
Tl,81,204.3833,76,3.4,0.00059,0.5,1,0.5,7.72,1.62,1.79,6.11,36.4,-6.13E-10,24,21,17,0.67,0.55,81,80.95,80.799,80.553,80.217,79.798,79.305,78.748,78.134,77.473,76.773,76.042,75.284,74.507,73.715,72.912,72.101,71.285,70.467,69.648,68.83,67.205,65.6,64.807,64.022,62.478,60.97,59.503,58.079,57.383,56.698,55.362,54.072,52.826,51.625,51.041,50.467,49.352,48.276,45.753,43.442,41.313,39.337,35.755,32.561,29.687,27.109,24.824,22.827,21.11,19.652,18.424,17.394,16.524,15.78,15.131,12.53,10.27,8.29,6.8,5.175,4.374,3,5,0,5,0,0,27,2,1,10,14,145,144,142,150,1.015,1.22,0.463,172,190,156,196,170,28.53,11850,2.99E-05,43,2.8,8,26.4,,1.2,1.50E-07,6700000,3.9,1.12,6.67,575.00,54,44,1.662757832,4.2,165,1746,577,78.5,1.88,35.9,2.79,0,-2.272678,3.775559,4.756906,0,26.91
Pb,82,207.2,81,0.171,3.00E-05,1,1,0,7.07,2.33,1.85,7.42,34.42,-3.11E-10,24,20,17,0.738,1.1,82,81.949,81.792,81.536,81.186,80.75,80.237,79.656,79.018,78.332,77.607,76.851,76.071,75.274,74.464,73.645,72.822,71.997,71.172,70.349,69.53,67.907,66.31,65.523,64.743,63.21,61.712,60.253,58.833,58.138,57.453,56.116,54.82,53.567,52.356,51.766,51.187,50.058,48.969,46.411,44.069,41.914,39.921,36.322,33.127,30.252,27.662,25.35,23.313,21.546,20.034,18.754,17.674,16.764,15.989,15.317,12.724,10.482,8.495,6.973,5.26,4.441,4,4,0,4,0,0,28,2,2,10,14,146,144,135,137,0.96,1.13,0.45,174,180,154,202,,30.32,11340,2.89E-05,46,5.6,16,38.3,,1.5,2.10E-07,4800000,4.1,1.15,6.94,600.00,57,48,1.544068044,4.77,178,2022,600.61,105,2.03,43,2.33,0,-3.62903,3.830866,4.826589,0,28.11
Bi,83,208.9804,86,0.034,6.00E-06,1.5,0,1.5,7.2,2.02,2.01,7.29,90.92,-3.60E-09,26,22,19,0.732,1.4,83,82.947,82.784,82.518,82.154,81.7,81.167,80.563,79.901,79.189,78.438,77.657,76.852,76.032,75.202,74.365,73.527,72.689,71.855,71.026,70.203,68.578,66.987,66.204,65.43,63.909,62.425,60.977,59.566,58.875,58.193,56.859,55.563,54.306,53.089,52.495,51.91,50.771,49.669,47.077,44.7,42.517,40.501,36.879,33.68,30.805,28.208,25.875,23.804,21.992,20.429,19.097,17.969,17.017,16.207,15.51,12.896,10.69,8.704,7.145,5.351,4.505,5,3,0,3,0,0,29,2,3,10,14,148,151,141,135,0.92,1.077,0.438,162,160,143,207,,35.38,9780,1.34E-05,31,12,32,94.2,,2.25,1.30E-06,770000,4.15,1.16,7.2,490.00,50,40,0.903089987,10.9,160,1837,544.4,119,2.18,31.5,3.17,0,-3.973694,4.039198,5.089071,0,32.95
Po,84,209,91,0.5,,1,1,2,6.8,2,2.19,8.42,136,,21,18,15,0.788,1.5,84,83.944,83.778,83.506,83.134,82.669,82.121,81.501,80.819,80.086,79.312,78.506,77.677,76.831,75.976,75.117,74.257,73.4,72.549,71.706,70.871,69.232,67.634,66.852,66.08,64.567,63.093,61.658,60.26,59.575,58.899,57.573,56.283,55.029,53.811,53.215,52.629,51.483,50.373,47.752,45.343,43.127,41.085,37.43,34.22,31.344,28.744,26.397,24.298,22.446,20.836,19.453,18.277,17.281,16.435,15.711,13.06,10.9,8.91,7.32,5.44,4.567,6,2,0,2,0,0,30,2,4,10,14,140,145,135,129,0.88,1.02,0.425,168,190,135,197,,37.38,9196,,,,,,,,4.30E-07,2300000,,,,,,,1.301029996,13,100,1235,527,,1.5,,,0,-4.039348,4.262822,5.370819,0,38.73125
At,85,210,97,,,0.5,1,1.5,6.39,2.2,2.39,9.54,233,,20,17,15,0.813,1.9,85,84.944,84.776,84.502,84.125,83.654,83.098,82.466,81.77,81.02,80.226,79.398,78.545,77.674,76.794,75.908,75.023,74.143,73.269,72.405,71.553,69.885,68.269,67.481,66.706,65.193,63.725,62.301,60.915,60.236,59.566,58.253,56.974,55.728,54.515,53.921,53.335,52.189,51.075,48.435,45.997,43.75,41.678,37.98,34.751,31.872,29.271,26.915,24.794,22.909,21.256,19.826,18.602,17.562,16.677,15.922,13.23,11.09,9.12,7.5,5.54,4.63,7,1,0,1,0,0,31,2,5,10,14,150,147,138,138,0.85,0.98,0.475,,,127,202,,39.49,,,,,,,,,,,,,,,,,0.301029996,6,40,,575,,,,,0,-4.039348,4.262822,5.370819,0,38.73125
Rn,86,222,103,0.7,,0,0,0,4.83,,2.6,10.75,-68,,15,12,10,0.889,2.3,86,85.945,85.777,85.502,85.123,84.649,84.087,83.448,82.742,81.979,81.169,80.322,79.448,78.554,77.648,76.737,75.826,74.92,74.021,73.133,72.258,70.552,68.907,68.109,67.325,65.802,64.332,62.912,61.535,60.862,60.198,58.898,57.631,56.397,55.194,54.604,54.021,52.879,51.767,49.119,46.659,44.384,42.281,38.533,35.277,32.389,29.787,27.426,25.291,23.379,21.689,20.215,18.944,17.859,16.934,16.143,13.386,11.282,9.329,7.686,5.65,4.702,6,0,0,0,0,0,32,2,6,10,14,150,142,145,133,0.84,0.94,0.405,,,120,220,,41.71,9.73,,,,,,,,,,,,,,,,-2.442492798,3,17,211.3,202,,0.2,,,0,-4.039348,4.262822,5.370819,0,38.73125
Fr,87,223,6,,,0.5,0,0.5,46.2,,0.67,3.94,46.89,,53,45,38,0.542,0.49,87,86.922,86.694,86.332,85.854,85.286,84.647,83.955,83.222,82.457,81.666,80.852,80.018,79.167,78.303,77.43,76.55,75.667,74.785,73.907,73.035,71.32,69.653,68.841,68.043,66.491,64.996,63.556,62.167,61.489,60.823,59.52,58.256,57.026,55.829,55.242,54.663,53.527,52.42,49.777,47.31,45.017,42.891,39.095,35.804,32.9,30.292,27.926,25.779,23.845,22.123,20.608,19.295,18.165,17.199,16.377,13.55,11.46,9.53,7.878,5.755,4.768,1,1,1,0,0,0,1,1,0,0,0,260,223,218,,,,,,,,348,,79.69,,,,,,,,,,,,,,,,,,2,64,,,,,,,0,-4.039348,4.262822,5.370819,0,38.73125
Ra,88,226,10,13,,0,0,0,36.48,0.9,0.89,5.28,9.65,,35,30,25,0.623,0.78,88,87.915,87.664,87.263,86.734,86.104,85.397,84.638,83.845,83.03,82.202,81.368,80.528,79.685,78.839,77.99,77.138,76.285,75.431,74.578,73.728,72.043,70.389,69.576,68.775,67.21,65.696,64.235,62.826,62.14,61.466,60.151,58.879,57.646,56.448,55.862,55.284,54.151,53.048,50.413,47.948,45.646,43.504,39.664,36.335,33.408,30.79,28.418,26.263,24.312,22.564,21.014,19.66,18.488,17.481,16.623,13.7,11.64,9.73,8.07,5.87,4.84,2,0,0,0,0,0,2,2,0,0,0,221,201,173,159,,,,,215,,283,,68.22,5000,,,,,,,,1.00E-06,1000000,,,,,,,1.278753601,8,125,2010,973,,1.66,,,0,-4.039348,4.262822,5.370819,0,38.73125
Ac,89,227,14,880,0.078,0.5,2,1.5,32.1,1.1,,5.17,33.77,,32,27,22,0.636,0.7,89,88.915,88.664,88.26,87.723,87.077,86.346,85.553,84.719,83.859,82.985,82.105,81.225,80.348,79.474,78.605,77.739,76.879,76.023,75.172,74.326,72.654,71.014,70.208,69.412,67.855,66.345,64.884,63.473,62.785,62.11,60.792,59.517,58.282,57.084,56.497,55.919,54.787,53.684,51.05,48.58,46.268,44.11,40.229,36.863,33.912,31.283,28.906,26.744,24.779,23.008,21.427,20.036,18.823,17.776,16.88,13.86,11.815,9.93,8.255,5.933,4.91,3,9,0,0,9,0,3,2,0,1,0,215,186,153,140,,,,,195,,,,37.45,10070,,,,,,,,,,,,,,,,1.079181246,14,400,3473,1323,,4.25,,,0,-4.105002,4.465163,5.625753,0,44.5125
Th,90,232.03806,16,7.4,0.001,1,3,2,32.1,1.3,,6.08,112.72,1.70E-09,28,24,20,0.675,0.94,90,89.916,89.669,89.269,88.735,88.085,87.344,86.533,85.672,84.779,83.867,82.946,82.025,81.107,80.196,79.294,78.4,77.516,76.642,75.777,74.922,73.242,71.602,70.798,70.005,68.454,66.951,65.497,64.091,63.405,62.731,61.416,60.143,58.91,57.713,57.127,56.55,55.419,54.317,51.684,49.211,46.889,44.716,40.795,37.391,34.413,31.77,29.387,27.219,25.244,23.454,21.846,20.421,19.17,18.083,17.149,14.02,11.98,10.13,8.44,6.118,4.982,4,8,0,0,8,0,4,2,0,2,0,206,175,143,136,,,,178,180,,,179,32.86,11724,1.10E-05,54,31,79,400,350,3,1.50E-07,6700000,3.3,1.28,7.32,1550.00,153,160,1.73239376,16,530,5093,2023,163,6.2,54.3,1.84,0,-7.412543,4.015358,5.059034,0,32.37
Pa,91,231.03586,18,200,,1.5,7,5.5,25.4,1.5,,5.89,53.03,7.51E-09,30,25,21,0.647,0.7,91,90.919,90.678,90.29,89.772,89.144,88.427,87.644,86.813,85.95,85.066,84.17,83.269,82.366,81.463,80.563,79.665,78.771,77.881,76.995,76.115,74.375,72.668,71.829,71.001,69.38,67.81,66.294,64.832,64.121,63.423,62.066,60.758,59.495,58.274,57.679,57.093,55.948,54.836,52.191,49.719,47.405,45.241,41.333,37.93,34.946,32.292,29.897,27.714,25.72,23.905,22.266,20.807,19.518,18.394,17.423,14.18,12.15,10.32,8.63,6.25,5.055,5,21,0,0,9,12,5,2,0,1,2,200,169,138,129,,,,165,180,,,163,24.94,15370,,,,,,,,1.80E-07,5600000,,,,,,,1.672097858,15,470,4273,1845,,,,,0,-9.497412,3.692852,4.652702,0,25.18
U,92,238.02891,20,7.57,0.0005,2,8,6,,1.38,,6.19,50.94,5.14E-09,28,24,20,0.67,0.89,92,91.922,91.687,91.307,90.798,90.18,89.474,88.699,87.874,87.014,86.13,85.232,84.326,83.417,82.505,81.595,80.685,79.779,78.875,77.975,77.08,75.308,73.568,72.712,71.866,70.211,68.607,67.058,65.564,64.838,64.126,62.742,61.409,60.125,58.886,58.283,57.689,56.531,55.41,52.748,50.268,47.95,45.784,41.869,38.454,35.458,32.794,30.391,28.199,26.192,24.36,22.699,21.207,19.886,18.723,17.713,14.341,12.294,10.495,8.823,6.378,5.136,6,20,0,0,9,11,6,2,0,1,3,196,170,134,118,,,,158,175,,186,156,21.18,19050,1.39E-05,100,111,208,2400,1960,6,2.80E-07,3600000,3.9,1.51,5.57,1900.00,150,155,1.431363764,14,420,4200,1408,207,5.55,98.7,1.01,0,-11.29234,3.421376,4.310664,0,20.025
Np,93,237,22,180,,2.5,8,5.5,24.8,1.36,,6.27,45.85,,46,39,33,0.58,0.7,93,92.922,92.691,92.318,91.817,91.208,90.51,89.742,88.923,88.067,87.186,86.288,85.38,84.467,83.55,82.632,81.715,80.799,79.885,78.973,78.066,76.267,74.496,73.624,72.763,71.074,69.436,67.853,66.326,65.584,64.857,63.443,62.083,60.775,59.514,58.901,58.298,57.124,55.989,53.303,50.808,48.483,46.312,42.39,38.966,35.961,33.289,30.879,28.68,26.662,24.813,23.128,21.609,20.253,19.055,18.012,14.503,12.475,10.695,9.008,6.489,5.206,6,19,0,0,9,10,7,2,0,1,4,190,171,136,116,,,,175,175,,,155,19.22,20450,,,,,,,,1.20E-06,830000,,,,,,,0.77815125,10,335,4273,917,,4.73,,,0,-12.940314,3.329443,4.194835,0,18.45375
Pu,94,244,24,1.7,,3,3,0,24.5,1.28,,6.06,-48.33,7.74E-09,38,32,27,0.612,0.73,94,93.924,93.701,93.34,92.857,92.271,91.601,90.866,90.082,89.261,88.413,87.547,86.665,85.772,84.87,83.961,83.044,82.123,81.198,80.271,79.343,77.493,75.663,74.759,73.865,72.11,70.408,68.763,67.178,66.409,65.655,64.193,62.789,61.442,60.147,59.518,58.901,57.702,56.544,53.819,51.302,48.967,46.794,42.879,39.465,36.465,33.793,31.379,29.172,27.142,25.275,23.566,22.019,20.63,19.398,18.319,14.664,12.656,10.895,9.193,6.602,5.275,6,8,0,0,0,8,8,2,0,0,6,187,172,135,,,,,175,175,,,159,20.04,19816,,,43,96,,,,1.50E-06,670000,3.8,1.44,5.26,,,,0.77815125,,325,3503,913,,3.6,54,1.9,0,-14.326634,3.306812,4.166322,0.318004,18.08
Am,95,243,26,74,,3.5,0,3.5,23.3,1.3,,5.99,9.93,1.25E-08,49,42,36,0.569,0.7,95,94.926,94.706,94.352,93.877,93.299,92.638,91.91,91.131,90.315,89.47,88.605,87.723,86.829,85.924,85.011,84.09,83.163,82.231,81.296,80.36,78.49,76.636,75.719,74.811,73.027,71.293,69.615,67.997,67.212,66.441,64.947,63.513,62.137,60.816,60.175,59.546,58.325,57.148,54.385,51.842,49.49,47.307,43.38,39.958,36.952,34.276,31.858,29.648,27.611,25.733,24.006,22.435,21.018,19.754,18.64,14.826,12.838,11.095,9.378,6.713,5.345,4,7,0,0,0,7,9,2,0,0,7,180,166,135,,,,,,175,,,173,29.27,13670,,,,,,,,,,,,,,,,1,,,2284,1449,,2.73,,,0,-14.326634,3.306812,4.166322,0.318004,18.08
Cm,96,247,28,60,,4,2,2,23,1.3,,6.02,27.17,,,,,,,96,95.926,95.708,95.354,94.877,94.294,93.623,92.879,92.081,91.241,90.371,89.479,88.573,87.656,86.731,85.802,84.869,83.934,82.998,82.062,81.126,79.263,77.419,76.507,75.603,73.824,72.091,70.409,68.783,67.991,67.214,65.705,64.254,62.859,61.519,60.869,60.231,58.992,57.798,54.998,52.427,50.052,47.85,43.894,40.449,37.426,34.74,32.318,30.106,28.068,26.184,24.446,22.857,21.415,20.121,18.975,14.988,13.019,11.295,9.563,6.825,5.414,4,16,0,0,9,7,10,2,0,1,7,169,166,136,,,,,,,,,174,21.04,13510,,,,,,,,,,,,,,,,0.944482672,,,3383,1618,,3.99,,,0,-14.326634,3.306812,4.166322,0.318004,18.08
Bk,97,247,30,710,,2.5,5,7.5,22.7,1.3,,6.23,-165.24,,,,,,,97,96.928,96.713,96.365,95.895,95.32,94.656,93.92,93.129,92.294,91.429,90.54,89.635,88.718,87.793,86.862,85.926,84.988,84.047,83.105,82.163,80.285,78.421,77.498,76.582,74.777,73.016,71.303,69.645,68.838,68.045,66.503,65.02,63.595,62.226,61.562,60.91,59.646,58.43,55.581,52.974,50.574,48.354,44.38,40.926,37.898,35.209,32.786,30.572,28.53,26.639,24.889,23.281,21.815,20.496,19.315,15.15,13.2,11.495,9.748,6.937,5.484,4,5,0,0,0,5,11,2,0,0,9,,168,139,,,,,,,,,170,31.2,14780,,,,,,,,,,,,,,,,1,,,,1323,,,,,0,-14.326634,3.306812,4.166322,0.318004,18.08
Cf,98,251,32,2900,,2,6,8,20.5,1.3,,6.3,-97.31,,,,,,,98,97.929,97.718,97.375,96.912,96.344,95.688,94.961,94.176,93.347,92.486,91.601,90.699,89.783,88.858,87.926,86.989,86.048,85.103,84.157,83.21,81.318,79.437,78.504,77.577,75.749,73.96,72.219,70.531,69.707,68.898,67.325,65.81,64.354,62.954,62.276,61.61,60.319,59.078,56.176,53.528,51.098,48.858,44.859,41.395,38.361,35.671,33.247,31.033,28.989,27.093,25.332,23.708,22.221,20.872,19.665,15.311,13.381,11.695,9.933,7.049,5.553,4,4,0,0,0,4,12,2,0,0,10,,168,140,,,,,,,,,186,27.31,15100,,,,,,,,,,,,,,,,,,,,1173,,,,,0,-14.326634,3.306812,4.166322,0.318004,18.08