,composition,Eg (eV)
0,Hg0.7Cd0.3Te,0.35
2,LuP,1.3
4,ZnO,3.44
6,ZnIn2S4,2.68
7,K2Cd3Te4,2.26
8,K4Sn3Ce3S14,2.46
10,InSb,0.22
11,Sr2Be2B2O7,8.0
12,K2CuNbS4,2.82
14,BAs,1.46
15,Ba4Ga4GeSe12,2.18
17,HgSe,0.07
19,Rb7Th2P6Se21,2.07
20,TlS,1.37
21,CdS,2.5
22,Al2Se3,3.1
23,In2GeTe3,0.68
24,BiSeBr,1.5
25,GaAs0.4P0.6,2.1
26,K2AuPS4,2.63
28,CsB3GeO7,5.76
29,Pb0.97Sn0.03Te,0.3
30,PtAs2,0.55
31,SnGa4S7,3.1
32,Si3N4,5.1
34,Cs2ZnGe3Se8,2.31
35,CeO2,3.41
36,KAgAsS2,2.21
40,LaCuOS,3.14
41,AlSb,1.67
42,Tl2AuPS4,2.2
43,Cs3Sn3F2Cl7,2.96
44,Cs1.13Cd1.13Bi2.87Se6,1.0
46,PtSb2,0.11
47,Hg0.1Zn0.9Te,1.83
48,TlBiTe3,0.5
49,CuCl,3.24
50,Pb0.92Sn0.08Se,0.06
51,CdSe,1.75
52,Cu3SbS4,0.75
53,GaAs,1.46
54,As2Te3,1.76
55,SrB6,3.68
56,GaN,3.25
57,Cd3As2,0.24
58,WO3,2.9
59,EuYb2Se4,1.3
60,Bi2Te2.4Se0.6,0.25
62,CuN3,4.17
63,CdP4,1.05
64,MnI2,4.4
65,InSb,0.24
66,TmAs,1.18
67,CdS,2.6
68,Ga0.3As0.3Zn0.7Se0.7,1.93
69,Cd4GdB3O10,3.8
71,SmAs,1.03
72,RbSbS2,2.1
73,Na5GdMo4O16,3.38
74,Sr2V2Se3O15,2.96
75,UP2S7,1.41
76,GaAs,1.51
78,RbBr,7.65
81,RbBr,7.25
82,SbSeI,1.66
83,KBiSe2,0.7
85,Na2TeSe3,1.95
86,Tl2Te3,0.69
87,Al0.74Gd3Si0.7S7,2.34
88,CsTbZnTe3,2.12
89,BaB6,2.64
90,La5In3S9O3,2.6
91,PbN6,3.02
92,GaN,3.24
93,CaO,6.97
94,Na2S,2.4
95,Rb2Cd3Te4,2.3
96,AgI,2.8
97,CdSe,1.84
98,SnSe,1.2
99,Rb2BaNb2Se11,1.53
100,TaZrN3,1.72
101,Ba3In2P4O16,3.87
103,RbTa3Te2O12,3.88
104,GaTe,1.8
105,ZnO,3.51
106,Ag2SnS3,1.43
107,SnSe,1.3
108,Ba2GaErTe5,1.15
110,K2Hg3Sn2S8,2.5
111,CdSb,0.57
112,GeSe,1.22
113,HfS3,2.85
114,Ga0.9Sb0.9Hg0.1Te0.1,0.65
115,InSb2S4Cl,1.8
118,AgS,0.9
119,Cs2P2Se8,2.44
121,Zn0.55S0.55Ga0.45P0.45,2.3
123,Mg2Sn,0.32
124,Ga1.002Sb0.998Te0.006,0.7
125,CsF,10.0
126,KSbSe2,1.14
127,Ag3AsSe3,1.98
128,As2Se3,1.84
129,LiGaSe2,3.13
130,NbSe2,1.4
132,OsS2,2.0
133,GeS,1.8
134,RuAs2,0.8
136,Ga1.1Sb0.9Se0.3,0.67
137,Sm2S3,2.96
138,SiP,2.0
140,Pb0.9Sn0.1Se,0.08
142,CsYbMnSe3,1.6
145,BaSe,3.58
146,K4In4P6Se20,2.2
148,Bi2Te0.45Se2.55,0.2
149,KNb3Te2O12,3.52
150,Cd4P2I3,2.17
151,Cr2S3,0.9
152,InSe,1.32
153,Sr0.5TaO3,3.7
154,Tb4GaSbS9,2.44
157,Dy2Te3,0.69
158,TiTlS2,1.0
159,Bi2S3,1.25
160,Ba2GaYTe5,1.08
161,Pb0.99Se0.99Sn0.01Se0.01,0.31
162,Tl2InGaSe4,2.05
163,NaLaS3,2.61
164,CsGe5BO12,4.89
165,Tl2.35Sb8.65Se14,0.6
166,SnS0.8Se0.2,1.03
167,Hg3PS4,2.03
168,Zn2In2S5,2.95
169,Cs2ZnGe3Te8,1.07
170,EuSb4S7,0.98
171,PbSe,0.17
172,Na0.75Eu1.625GeSe4,2.0
174,ZnHg3Se2Cl4,2.23
176,CsSb,0.8
178,Rb3CdB5O10,2.34
179,Hg0.5Cd0.5Se,0.8
181,TaGaSe2,2.17
182,Ir0.67Se2,0.45
183,Bi2Se3,0.4
184,La2Ge2Se7,1.08
185,Bi12GeO20,3.25
187,Ba2Sb7O14H,2.7
188,GaS,2.7
189,Sr3EuP3O12,3.99
190,Zn0.15Cd0.85Se,2.5
191,CuCl,3.2
192,CsLuCoS3,1.5
193,BiSBr,1.92
195,NaBr,7.03
196,Pb0.95Mn0.05Te,0.37
198,Ba6Ga2SnSe11,1.99
199,La4Cd4In2S13,2.27
200,CsAg2AsS3,2.7
201,HgSe,0.6
202,MnO2,1.3
204,CuSbSe2,1.05
205,Ce2Sn3Se9,0.3
208,Na2Hg3Ge2S8,2.68
209,Hg4P2ZrCl6,3.22
210,Cs3Bi,0.55
211,RbCd4Ga5S12,3.02
212,GaSb,0.82
213,Cs4Cu3Bi9S17,0.9
214,SeTe,1.58
215,GaTe,1.8
216,La1.86Tb1.14Ga1.67S7,2.67
217,ZnSe,2.79
218,SrPbO3,1.78
219,Na7Co2O6,0.5
220,In0.99Al0.01P,1.3
221,PbSe0.99S0.01,0.26
223,Cu3NbSe4,2.45
224,Ba4LiGa5Se12,2.65
225,GaSe,2.0
226,Ag3SbS3,2.08
227,Ga0.4Al0.6P,2.4
229,RbInTe3O8,3.9
230,K2RbSb,1.2
232,CdIn2Te4,1.28
233,PbO2,1.45
237,Li2WTeO6,4.0
238,Nd2Se3,1.75
239,SbSeI,1.91
241,ZrSe3,1.5
242,Rb5BS4O16,3.99
243,KCuThS3,2.95
244,InSb0.3As0.7,0.11
245,Cu3AsS4,1.24
246,Pr2Te3,1.3
248,Ba2V2Te2O11,3.16
250,AlSb,1.5
251,HgIn2Se4,0.6
252,Cd4V3Te3O15,2.66
254,Rb2Cu2SnS4,2.08
255,TlBr,3.01
256,TlTaS3,0.78
257,CuGaTe2,1.0
258,Cu0.35Ga1.65S2.65,2.57
259,CdBiO2Cl,3.08
260,Ga2S3,2.85
262,Ga1.01Sb0.99Se0.03,0.62
263,EuHo2Se4,1.8
264,HgSe,0.1
266,GaN,3.4
267,CuCl,3.28
268,Zn0.5Hg0.5Se,0.75
271,TaGaS2,2.46
272,Pb0.01Sn0.99Te,0.26
273,Pb0.8Sn0.2Se,0.08
274,SmTe,0.32
275,Ce2GeSe5,1.7
276,RbBiSe2,0.9
277,GaAs0.05Sb0.95,1.28
278,CrSb2,0.16
279,La2GeSe5,1.24
280,TlScTe2,0.85
282,CdSb,0.45
283,Sr2TiO4,3.41
284,Nb2O5,3.08
286,Hg4P2HfCl6,3.26
287,PbSe,0.27
288,DyN,2.6
289,CsInTe3O8,3.9
290,Cu5Ta11O30,2.58
291,LiB3O5,7.75
292,LaF3,6.6
293,AlN,5.9
295,K2Sb8Se3,1.31
296,CaS,6.0
297,CdSiAs2,1.5
298,IrP2,1.0
299,Ba3Bi2TeO9,2.3
300,As2Te3,1.63
301,NaNO2,3.02
302,Cs3As,0.6
303,CuInS2,1.5
304,SnS2,2.43
305,SbI3,2.5
307,PbSe0.5S0.5,0.33
308,Mn2P2Se6,2.5
309,Na2CdGe2Se6,2.37
311,Cu0.5Ga1.5S2.5,2.46
313,Na2BaSnS4,3.27
314,Pb4Ga5GeS12,2.35
315,CsAg5Te3,0.65
316,GaSb,0.78
317,TlBr,2.63
318,CdS,2.58
319,TlPTe,0.3
320,Pb0.94Se0.94Ge0.06Te0.06,0.28
321,BiI3,1.8
322,BaZnGeSe4,2.46
323,SiP2,1.89
324,Pb7Bi4Se13,0.29
325,Sr2Bi5.42La2.58S14,1.0
326,YbSnTe2,0.75
327,BaPrO3,2.0
328,CaS,5.38
330,Dy2O3,5.0
331,AgGaGe5Se12,2.14
332,LaBeB3O7,5.65
333,Ba2GaSmTe5,1.04
336,AlSb,1.63
337,Li6Rb5B11O22,6.53
338,K9Bi13S24,1.4
340,KBaB5O9,3.65
341,FeI2,5.15
342,CdS,2.53
343,La3LuSe6,1.26
345,NdIn3S6,1.15
346,AgS,1.2
347,NaSbSe2,1.6
348,Mg2Sn,0.33
350,CdSb,0.56
351,Ru2Ge3,0.34
352,ZnAs,0.9
354,LiTaO3,4.1
357,PbSe,0.18
358,Ho2HfS5,1.0
359,FeSi2,0.9
360,RbInSnS4,2.7
361,Ba2NdGaS5,2.12
362,Ga0.99P0.99Zn0.01Se0.01,2.24
363,EuLiH3,1.5
364,AgInSe2,1.04
365,Pb4Ga5GeSe12,1.91
366,Ba2InTaO6,4.17
367,Ca6Bi6O15,3.34
368,RbCd4Ga5Se12,2.19
370,Tl2Te3,0.2
371,CdTe,1.5
372,LiNbO3,4.0
374,PtSb2,0.1
375,As2S3,2.78
376,SbSI,1.82
377,GaN,3.5
378,As2Te3,1.64
379,Zr6O,0.18
381,Cu2MgSiS4,3.2
382,InAs,0.43
383,UP2S9,1.41
385,Sn3As2,0.47
386,InP,1.5
387,NaAsSe2,1.52
388,Ga0.4As0.4Zn0.6Se0.6,1.8
389,GaAs0.65Sb0.35,0.68
390,TaGaSe2,2.23
391,Mn11Si19,1.0
392,Mg2Sn,0.22
393,CdSe,1.8
394,NaSbTe2,0.47
395,Pb17O8Cl18,3.44
396,KH2PO4,7.0
398,ZnS,3.69
399,Cu2ZnGeSe4,1.63
401,CI4,2.26
402,ZrS3,2.17
404,KI,6.31
406,Ce2Te3,1.4
407,Cs2Bi8.81La1.19S16,1.0
408,Cs2Ta2P2Se12,2.29
409,Tl3TaS4,2.18
410,Rb2Zn3Se4O12,4.9
412,Tl2InGaTe4,0.88
413,Ga0.95Sb0.95Hg0.05Te0.05,0.69
414,SrZrS3,0.8
415,Cd4P2Br3,2.19
417,Bi2Mo2Se2O13,3.15
418,Cu2ZnSiS4,3.2
419,BiCuOS,1.07
420,CdGeAs2,0.61
423,CsYTe3O8,3.4
425,Ba23Ga8Sb2S38,2.84
426,CdF2,6.0
427,Nd2YbCuS5,1.35
428,Ba2HgS5,2.4
429,AgTe,0.85
430,ZnSe,2.8
431,Ag3AsS3,2.24
433,In5Se6,0.14
435,CuGa2S3.5,2.42
436,Pb0.97Sn0.03Te,0.21
439,ZnYBiO4,1.58
440,Hg3Te2UCl6,2.6
441,PbGa4S7,3.08
442,MoO3,3.54
443,ErSe2,1.07
444,CuTlSe2,1.07
445,KAsSe2,1.63
446,SmCuOS,2.9
447,CsYZnSe3,2.41
448,LiB3O5,7.78
449,BiI3,2.03
450,InSb0.7As0.3,0.16
453,GaS,2.84
454,Zn0.01Cd0.99Se,2.5
455,CuBr,3.08
456,KI,6.25
457,CuBr,2.91
458,Bi2Te0.6Se2.4,0.28
459,AlP,3.62
460,Bi2Te0.03Se2.97,0.27
461,RbCu4AsS4,2.15
462,ZnGeP2,2.34
463,YPdSb,0.27
464,GeSe,1.08
465,Pb0.94Se0.94Sn0.06Se0.06,0.22
467,Sb2Te3,0.19
469,KI,6.28
470,Hg0.01Cd0.99Se,0.29
472,Cu0.2Ga1.8S2.8,2.7
473,Cs2Ba3P4O14,6.31
474,LiRbCO3,6.28
475,SnSe,0.88
476,OsP4,0.6
477,Sb2Se3,1.2
479,Rb4Ge3B6O17,5.42
480,Eu2Se3,1.02
482,CdGeAs2,0.41
483,GaSe,2.02
485,GeS,1.65
486,CsBr,7.18
487,Cs3Bi2I9,1.9
488,Pb0.995TeGa0.005,0.37
489,Cd3P2,0.6
490,In0.9P0.9Ga0.1As0.1,1.32
491,As2S3,2.74
492,Na3Sb,1.0
493,Ca2SnS4,2.32
494,EuO,1.12
496,CsInSn2Se6,1.78
497,TlCl,3.75
498,RbGeB3O7,5.58
500,CsGdZnTe3,2.13
501,LiGaO2,5.6
502,Ag2GeTe3,0.07
503,KTiPO5,3.8
504,AsI3,2.29
505,As4S4,2.4
506,RhSbTe,0.5
509,TlCr5S2Se6,0.75
510,K2AgIn3Se6,1.64
511,BaF2,9.1
512,ZnSnP2,2.1
513,Ga0.15As0.15Zn0.85Se0.85,2.25
515,Ca10Ge16B6O51,5.47
516,CdIn,0.6
517,Ba2InGdTe5,1.36
518,Rb3Ta2AsS11,2.21
519,HgIn2Te4,1.25
520,FeSi2,0.95
521,RbScSe2O6,4.9
522,BaIn2Se4,2.63
523,Ag2O,1.5
524,GeS,1.58
525,BaF2,9.21
526,TlBr,2.65
527,SrS,4.8
528,AsSI,2.05
529,CaTaO2N,2.4
530,Pb0.999Sn0.001Te,0.18
532,NaAsSe2,1.46
533,AgAsS2,2.14
535,ErTe,0.9
536,LiCdBO3,4.28
538,Ca2Sn,0.9
541,Sm2Te3,0.7
542,K3Ta2AsSe11,1.45
543,K4Nb2S11,2.42
544,SnGe,0.4
545,Mg2Sn,0.3
546,Zn0.43Cd0.57Se,2.8
547,LaH2NO5,4.76
548,TlS2,1.8
549,Bi2Te2.4Se0.6,0.27
550,Sr3BiP3O12,4.0
551,ZrSe2,2.0
552,BaIn2P4O14,3.97
553,La2NiVO6,0.45
554,TiO2,3.3
555,Sn0.5GaZn5.5O8,2.99
556,CdS,2.58
557,K2PbGe2S6,2.85
558,Rb4GeP4Se12,2.0
559,CsTa3Se2O12,3.88
560,Hg0.01Zn0.99Te,2.3
562,Cd4As2Br3,1.88
563,PbBiO2Cl,2.45
564,CuInSe2,0.96
566,EuBi2Te4,0.44
568,ZnS,3.78
569,SbI3,2.12
571,GaAs,1.52
572,Ag8GeS6,1.18
573,Cs4GeP4Se12,2.0
574,AgN3,3.44
575,Sm1.82Lu2.18Se6,1.51
576,Si2Te3,2.03
577,LaMg2PdH7,1.0
578,SiAs,1.57
580,GaSb,0.7
581,Pb2Nb2Se4O15,2.79
582,RbAg5P2S8,2.4
583,Ba2InYTe5,1.36
584,LiZnN,1.98
585,In0.7Al0.3P,1.9
587,KTa3Te2O12,4.06
588,KI,6.2
591,LuIn3S6,1.27
592,Hg8As4Bi3Cl13,2.43
593,AgN3,3.9
594,PbI2,2.53
595,Na2Hg3Sn2S8,2.45
596,AgTlTe2,0.1
597,Pb3BiV3O12,2.5
598,K2Nd2Ti3O10,3.25
599,Pb0.99Sn0.01Te,0.23
600,Zn3As2,1.1
601,Na2Hg3S2.51Se1.49,2.03
602,BaIr2Ge4S6,1.54
603,Ba3GeS5,3.0
605,EuSe,3.1
608,Li2B4O7,7.3
609,KI,6.17
611,KSbS2,1.6
612,RbBr,7.2
613,Hg0.2Cd0.8Se,0.45
614,Pb0.85Sn0.15Se,0.14
615,Bi2Te2SO10,3.6
616,Hg0.06Zn0.94Te,2.12
617,ZnSe,2.82
618,KSm2CuS4,2.17
619,MgO,7.78
620,SnS0.25Se0.75,0.94
621,Rb9Bi13S24,1.3
622,La20Mo12O63Cl4,2.4
623,Bi3TeBO9,2.6
624,AgInSe2,1.18
625,Li2HgGeS4,2.46
626,In2Se3,1.2
627,PtSb2,0.08
628,FeAsS,0.4
629,Bi2O2CO3,3.42
631,Cu2CdGeS4,2.05
632,Ba2V4Te3O18,2.64
633,CuP2,1.4
634,Pb0.999Sn0.001Te,0.32
636,Mg2Sn,0.36
637,K2AuI5O15,2.65
638,CuI,3.1
639,NbIrSn,0.28
640,Pb0.85Sn0.15Te,0.13
641,CdIn30Te46,1.17
642,CoPS,0.4
643,CsLaHgSe3,2.51
644,La6Sb4S3O12,2.6
646,As2Se3,1.85
647,InP,1.34
650,Pb0.65Se0.65Sn0.35Te0.35,0.09
652,GaAs0.2Sb0.8,1.02
653,In2Se3,1.25
654,Ni2Te3O8,3.84
656,Sr4V2Se6O21,2.66
657,LiBiS2,0.18
658,Hg7.5As4Cl6,1.73
659,KH2PO4,6.95
660,RbCdB3O6,4.2
662,KZn4B3O9,2.32
664,CaS,5.4
665,InAs,0.42
666,Sr8Ga16Ge30,0.05
667,BiSBr,1.88
668,In2P3B1O12,5.39
669,InSe,1.34
670,Cs2PdSe8,1.5
672,Ga0.01Sb0.01Zn0.99Te0.99,2.1
673,ScPdSb,0.23
674,Bi2Se3,0.35
675,RbCd4Ga5Te12,1.64
676,CuGaS2,2.4
677,InP,1.42
678,Ba3Nb2Se9,1.3
679,GaAs,1.52
680,Pb0.9Mn0.1Te,0.49
681,As2S3,2.23
682,Rb2GeB4O9,5.54
683,InSb0.1As0.9,0.14
685,CdS,2.6
686,Tl2SeAs2Te3,0.67
687,LiSm3SiS7,2.83
688,Pb0.9Se0.9Bi0.2Te0.3,0.25
689,GaSb,0.81
690,Pt0.97S2,0.95
692,CdSb,0.43
694,CsInSnS4,2.9
695,CdTe,1.61
696,PbGa2S4,2.38
697,PbTe,0.22
698,Pb0.99Se0.99Ge0.01Te0.01,0.23
700,CuCl,3.22
702,Pb0.01Sn0.99Te,0.3
705,Li2HgGe,0.93
706,CsAu,2.3
708,PtS,0.38
709,Ba2SmTaO6,3.02
710,CeBiW2O9,2.34
712,SbTeI,1.28
713,Rb2Cd3B16O28,4.76
714,K2Ta15O32,0.33
715,CdSe,1.87
716,Hg0.14Zn0.86Te,1.66
717,CdSb,0.54
718,Li2ZnSnS4,2.87
719,EuYb2S4,1.6
720,Rb2CuNbSe4,2.19
721,ZnTe,2.18
722,CsB3O5,7.42
724,Pb0.9Ge0.1Te,0.35
726,EuBi2Se4,1.02
727,Rb3Nb2AsSe11,1.5
728,KTi2F7,6.4
729,TlSbS2,1.92
730,Mn11Si19,0.5
731,TlSe,0.7
732,Cd4LuB3O10,3.7
733,VO2,0.12
734,Cu0.8Ga1.2Se2.2,1.58
735,CdIn2Se4,1.72
736,Bi38ZnO58,2.88
737,KI,5.61
738,Na2Hg3Si2S8,2.86
739,GaS,2.6
740,RhSSe,0.7
741,SrPr2S4,2.7
742,CsAsSe2,1.86
743,GaAs0.86Sb0.14,0.66
744,PrFMoO4,3.64
745,Ge0.9355Si0.0645,1.04
747,CsYCdSe3,2.54
748,Cd4As2I3,1.89
749,AgInSe2,1.15
750,Ga0.4Al0.6As,2.3
751,Sc2S3,2.0
752,Zn0.85Hg0.15Se,1.8
753,CdIn2Te4,0.9
754,HgO,2.21
756,Sb2S3,1.7
757,Tb2Mo3O12,1.6
758,GaSe,1.93
759,TaGaSe2,1.65
760,HfSe2,2.2
761,Ag2GeSe3,0.91
762,Rb3Bi2I9,2.1
763,CuInTe2,1.06
764,Cd0.55Te0.55Al0.45Sb0.45,1.93
766,Hg2Cl2,2.84
767,Ag4Ba6Sn4S16,2.37
768,Nd2Te3,1.12
769,Ba2GaGdTe5,1.12
770,Mn3Ta2O8,1.89
771,RuSb2,0.3
773,Li2GaGe2Se6,2.64
774,GaSe,1.98
775,Gd2Se3,2.2
776,Rb2Cu2Sn2S6,1.44
778,Eu3S4,1.7
780,RbBr,7.7
781,AlP,3.1
784,Li9Ga13Te21O66,4.45
785,BiSb0.15,0.02
786,Ag0.1Cd0.8In2.1Te4,0.29
787,In2As2O5Cl2,4.62
788,CdTlS2,1.5
789,Cd3As2,0.14
790,InSb,0.25
791,Eu2O3,4.5
795,OsSbTe,0.05
796,AlSb,1.62
797,SnS,1.42
798,Ag2O,1.59
799,InN,2.1
800,YVTeO10,2.2
801,PtSb2,0.11
802,Bi1.4Te3Sb0.6,0.17
803,KPbPO4,4.44
804,SiSe2,1.74
805,Na2Zn3Se4O12,4.9
806,PbTe0.05Se0.95,0.26
807,In4Te3,0.55
808,CsBiS2,1.4
809,Ba4CuInSe6,2.23
811,VO2,0.5
812,Tl3VS4,1.97
813,CuCl,3.27
814,Na2Be4B4O11,7.3
815,Ce2S3,1.12
816,RhP2,1.0
817,Ga0.99As0.99Zn0.01Se0.01,1.39
819,CuI,2.8
820,Sb2Se3,1.3
821,Ce2Ge2Se7,1.1
822,ZnAs2,0.91
823,NaBiS2,0.38
824,ZnO,3.46
825,Hg0.25Zn0.75Te,1.37
826,As2Te3,1.75
827,Eu7Ga6Sb8,0.6
828,ZnS,3.74
829,SmBiW2O9,3.39
830,CrSi2,1.3
831,PbS,0.41
832,Ga0.99Sb0.99Hg0.01Te0.01,0.72
833,YPtSb,0.16
834,ZnSe,2.71
835,OsSbS,1.2
836,CdS,2.44
837,Sb2S3,1.92
839,AgBiSe2,0.34
841,In0.3As0.3Ga0.7P0.7,2.05
843,TlCl,3.47
844,Cs2AgBiCl6,2.77
845,CdSnP2,1.5
846,CuGaS2,2.53
847,Ba2GaBiTe5,1.43
848,Ca3B2N4,4.1
849,BaUSe3,1.0
850,Sb2Se3,1.4
852,ZnIn2S4,2.8
854,ZnTe,2.26
856,FeAsSe,0.6
857,Sb2O3,3.31
858,KInGeS4,3.1
859,Ba2SnSe5,1.8
860,ZrS3,2.28
861,Mn15Si26,0.7
863,Hg0.9Cd0.1Se,1.3
864,HoN,1.9
865,Zn3Sb2,0.2
866,Cu0.2Ga1.8Se2.8,1.86
867,Rb2CdP2Se6,2.58
868,Pb0.92Se0.92Sn0.08Te0.08,0.22
869,Ag3SbS3,1.81
870,Cs2Hg4.65Cd1.35S7,1.84
871,TiSe2,1.55
872,In0.7P0.7Ga0.3As0.3,1.58
873,SnI2,2.4
874,GaS,2.58
875,Bi2Te1.5Se1.5,0.29
876,Pb0.85Se0.85Ge0.15S0.15,0.34
877,NaI,5.8
879,CdSiP2,1.8
880,Na2In4SSe6,1.92
881,CuAlSe2,2.7
882,Cu3YbS3,1.56
883,RbSbTe2,0.38
884,Pb3BiP3O12,3.7
886,Ba2Ca2B4O10,5.6
887,ZnSb,1.11
888,K2AgVS4,1.85
890,GaHSeO4,5.51
891,GaSe,2.15
892,Ga0.75As0.75Zn0.25Se0.25,1.51
893,ZnS,3.73
894,RbBiSe2,0.92
895,GeSe2,2.38
896,Cu0.4Ga1.6S2.6,2.45
897,ZnTe,2.37
899,Cs3Nb9Te4O32,3.22
900,Cd5Ga2S2Te6,1.29
901,AgSbS2,1.9
902,In0.01P0.01Ga0.99As0.99,1.43
904,Cu4Sn7S16,0.8
905,ZnTe,2.2
906,Ce1.3Lu0.7S3,1.25
907,InP,1.35
909,Ag2.7Ba6Sn4.3S16,1.58
910,Sm2YbCuS5,1.28
911,Pb0.85Sn0.15Se,0.13
912,K2Hg3Ge2S8,2.64
913,CsScSe2O6,5.2
914,CdTe,1.44
915,GaN,3.21
916,La2HfS5,0.7
918,Ba2B4O9H2,5.12
919,ZrSe3,1.6
920,Cu2Se,1.5
921,CdGa2Se4,2.75
922,InN,2.4
923,AgAsS2,2.26
926,ZrC,0.6
927,NaI,6.75
928,CdSnP2,1.17
930,TaGaS2,2.45
931,CsBiS2,1.39
932,ZnSe,2.69
933,Sr2ScSbO6,3.57
934,CdGa2S4,3.44
935,KBiSe2,0.67
936,HgTe,0.18
937,La3FMo4O16,3.7
939,Sb2Se3,1.13
941,Cs4Th2P6S18,2.8
942,Mg2Si,2.27
945,In0.99As0.99Cd0.01Te0.01,0.76
946,Ga0.5In0.5As,0.75
949,TbIn3S6,1.2
951,KSbSe2,1.72
953,EuN,1.25
954,CuAlTe2,2.06
955,Bi2Te0.3Se2.7,0.24
956,La2Se3,1.97
958,Na2Ti3O7,3.51
959,Pb0.995TeIn0.005,0.43
960,CdSe,1.85
961,In0.9As0.9Ga0.1P0.1,0.45
962,RbCaBO3,3.67
963,CuInS2,1.57
964,ZnO,3.2
966,KGaSe2,2.6
967,KIO3,3.83
968,Ga0.9Sb0.9Zn0.1Te0.1,1.0
969,PdTe2,1.8
970,Zn3B2O6,2.6
972,RbNb3Te2O12,3.49
973,Tl2S,1.0
975,CdAs2,1.0
976,LiGaSe2,3.57
977,CdSe,1.86
978,GaTc,1.42
979,CdIn2S4,2.7
981,AlSb,1.52
982,Pb0.85Sn0.15Te,0.15
986,SbSI,1.93
987,In6Se7,0.34
988,Sb2Se3,1.15
989,InP,1.42
990,GaAs0.8P0.2,1.62
992,Cu2MgGeS4,2.36
993,BaGa2GeS6,3.26
994,K10Co4Sn4S17,1.31
995,PbS,0.31
996,K2.15Pb1.7Sb8.15Se15,0.6
997,Hg6.5As4CdCl6,2.05
998,PbS,0.38
999,CdS,2.66
1000,CsAsSe2,2.0
1001,TlCr5S5Se3,0.89
1002,AgSbTe2,0.48
1003,NaInTe2O6,4.0
1005,Pb3Cl4TeO3,3.79
1006,Na0.5Pb1.75GeS4,2.08
1007,LiAsS2,1.6
1008,Cs4Ag9Sb4S12,2.0
1012,ZnO,3.26
1014,CaI2,5.98
1015,GaAs0.99P0.01,1.37
1016,PbTe,0.22
1017,Nd2O3,4.4
1019,Hg0.77Cd0.23Te,0.21
1020,RbPbPO4,4.35
1021,Li2MoTeO6,3.5
1022,CuIn3Te5,1.01
1024,AgS,1.34
1026,InN,2.21
1028,EuTb2Se4,2.0
1029,As2S3,2.6
1030,GaSe,2.07
1031,CdGa2Se4,2.41
1032,CdSiAs2,1.51
1034,PbSe,0.28
1035,ZnIn2Se4,1.95
1036,InSe,1.29
1037,In2Bi3Se7I,1.38
1038,SbSBr,2.22
1039,Pb0.99TeIn0.01,0.53
1040,K2MnSnSe4,1.7
1041,IrSe2,0.9
1042,VFeSb,0.46
1043,LaGaS3,2.5
1044,CsBi2,0.55
1046,GeSe,1.38
1047,CaTe,4.3
1048,ZnIn2Se4,2.05
1049,RbNbSe2O7,4.1
1051,CdS0.55Se0.45,2.05
1052,K2S,2.1
1053,Zn0.99Hg0.01Se,2.6
1054,Tl4CdI6,2.8
1056,PbTe,0.33
1057,BaSe,3.7
1058,HgBr2,3.59
1059,Cd3P2,0.53
1060,Ga1.1Sb0.9Te0.3,0.7
1062,Cd3Sb2,0.3
1063,CsTm9Cd4Se18,2.16
1064,Bi2Te0.4Se2.6,0.7
1065,EuTe,2.06
1067,K2La2Ti3O10,3.05
1068,Pb0.99Ge0.01Se,0.27
1069,TlInTe2,0.62
1070,Pb0.9Se0.9Ge0.1S0.1,0.32
1071,K2Mo2Se2O11,3.3
1072,ZnIn2S4,2.6
1073,PbBr2,3.31
1074,As2S5,2.48
1076,NaH3Se2O6,4.9
1077,IrSSe,1.2
1078,GaAs,1.43
1079,GeS,1.68
1081,SbSI,1.95
1082,GaN,3.5
1083,Cu2ZnSiTe4,1.47
1084,OsAs2,0.92
1085,CdTeO3,3.91
1087,KIO3,4.02
1089,RhS3,1.5
1091,ZnS,3.56
1092,Sm3S3BO3,2.5
1093,GdScS3,2.1
1094,In6S7,0.89
1095,EuIn2Se4,1.31
1096,Cs2AgBiBr6,2.19
1097,Pb0.9Sn0.1Se,0.17
1099,LiGaTe2,2.31
1100,CdSiP2,2.4
1101,OsSb2,0.21
1102,CeTaN2O,1.9
1103,Ag3AsS3,2.03
1104,Ce4InSbSe9,1.69
1105,CdS,2.66
1106,YN,1.9
1107,CdSnP2,1.16
1108,TbClWO4,4.24
1109,CdIn2Se4,1.3
1110,LiAsSe2,1.1
1111,RbCl,8.5
1112,ZnAs2,0.92
1113,CoSb2,0.2
1114,SnS0.99Se0.01,1.11
1115,BaPdI4O12,1.97
1116,Fe2O3,2.2
1118,Ge0.88Si0.12,0.84
1119,GaSe,2.1
1120,NaSbP2S6,2.17
1122,Bi2S3,1.4
1124,SrTiO3,3.4
1125,Ag3SbS3,2.02
1126,As2S3,3.0
1128,Rb2CuVS4,1.85
1129,Rb4Mo5P2O22,3.51
1130,InAs,0.43
1133,GaAs,1.52
1134,Cu3TbSe3,0.16
1135,Sm2Se3,2.3
1136,AgInS2,1.9
1137,Cs4Cu3Bi9S17,0.6
1138,LiB3O5,8.0
1139,Bi2V2Se4O16,2.2
1140,Mg2GeSe4,2.02
1143,CdS,2.59
1144,NaBr,7.26
1145,CdGeAs2,0.65
1146,OsSb2,0.2
1147,GaAs0.01Sb0.99,1.37
1148,BiBr3,2.66
1149,Ga0.99Al0.01P,2.27
1150,CdSb,0.46
1153,Pb2BO3Cl,3.99
1154,Pb0.96TeIn0.04,0.37
1155,CsInSe2,2.81
1156,In0.6As0.6Ga0.4P0.4,1.25
1157,Ga0.5As0.5Zn0.5Se0.5,1.52
1158,Na2CsSb,0.8
1159,TlInS2,2.2
1163,OsPS,1.4
1165,Cu3SmS3,1.82
1166,ZnGeAs2,1.1
1167,InSb0.01As0.99,0.17
1168,Gd2Mo3O12,4.18
1171,BiFeSe3O9,2.54
1172,Cu2CdSnSe4,0.96
1177,CuSbS2,1.38
1179,LiMoIO6,2.8
1180,Hg0.9Cd0.1Se,1.32
1181,Pb0.8Ge0.2Se,0.35
1182,TlSbS2,1.42
1183,Cs2Hg3I8,2.56
1185,SbSeBr,1.87
1186,K2Al2B2O7,6.89
1188,CuInS2,1.54
1190,Zn0.9S0.9Ga0.1P0.1,2.8
1193,CsHgInS3,2.3
1194,Ge0.542Si0.458,2.24
1195,CuInTe2,0.89
1196,HgGa2Se4,1.95
1197,Sr3Ti2O7,3.26
1201,GeTe2,0.3
1202,Zn3V2TeO10,2.96
1203,Zn3As2,0.51
1204,K2Hg3S1.03Se2.97,2.11
1206,InSb,0.24
1207,YNiSb,0.18
1208,NaAsSe2,1.57
1209,PbI2,2.41
1210,As2S3,2.1
1211,RbMn4Ga5Te12,1.53
1212,Cs2Hg5.75Cd0.25S7,1.66
1213,NiO,4.0
1214,CsI,6.4
1215,Se2B2O7,4.64
1216,Cd3P2,0.5
1217,SiTe2,1.85
1218,Cs2PdP2Se6,1.6
1219,Cu2SnSe3,0.7
1221,BaSi2,1.3
1222,K2CeP2O8,2.46
1223,GaAs0.6P0.4,1.91
1224,Li2HgSnS4,2.32
1225,NaCl,8.5
1227,Pb0.95Ge0.05Te,0.34
1229,KI,5.92
1231,BSb,2.6
1232,CrO3,1.4
1233,CsBiSe2,1.07
1234,Mg3As2,2.2
1235,CsCu2SbS3,1.63
1236,AsI3,2.47
1237,Hg2Cl2,3.8
1238,Bi2Cu0.96Se3I,0.68
1240,NaAsSe2,1.56
1241,TlSe,0.96
1242,Rb4Ag9Sb4S12,2.0
1243,AgIn9Te14,1.5
1244,Ba2SnSe4,1.9
1245,SnS,1.26
1246,BiOCl,3.46
1248,TiNiSb,0.42
1249,ZnS,3.67
1250,Cu0.01Ga1.99Se2.99,1.99
1251,Cu0.5In1.5Se2.5,1.24
1252,Na8Al8Si38,0.64
1253,AgI,2.92
1254,Cu0.3Ga1.7S2.7,2.6
1255,Ge2Sb2Te5,0.5
1256,CsPbPO4,4.39
1257,KH3Se2O6,4.9
1258,PdPAs,0.45
1259,K2Sm2Ti3O10,3.26
1260,Sn2WO5,2.6
1261,Pb0.95Se0.95Sn0.05Se0.05,0.19
1262,Ga2O3,4.4
1263,SnSe2,1.62
1264,Ga2O3,4.54
1266,NdB6,4.9
1267,GaAs0.5P0.5,2.0
1269,NiP2,0.3
1270,CsYbMnSe3,1.59
1271,Ba4AgGa5S12,2.52
1272,KInS2,3.0
1273,Ag2HgI4,2.47
1274,K10Zn4Sn4S17,3.1
1275,Gd1.87Lu2.13Se6,1.56
1277,PdPS,1.4
1279,AgInSe2,1.2
1280,CoTe1.88,0.2
1281,SrIr4In2Ge4,0.25
1282,NaSbF6,3.76
1283,CdIn8Te13,1.02
1284,Cu3GdTe3,0.52
1286,Cu0.99In1.01Se2.01,1.08
1287,In0.5Ga0.5P,1.9
1288,Ge0.9Si0.1,0.8
1289,EuO,1.12
1290,TlGaSe2,1.65
1291,NaCl,8.4
1292,In4Se3,0.64
1293,CsErZnSe3,2.63
1294,InSe,1.3
1295,NaGaGe3Se8,2.35
1296,Bi3F3I4O13,3.7
1297,Pb0.94Sn0.06Se,0.22
1298,SnSe,0.9
1299,Cu3HoSe3,0.16
1300,RbInGeS4,3.1
1301,Cu2Se,1.1
1303,KSbSe2,1.65
1304,Cu2Ga4Te7,1.18
1305,Sm2Sc3,2.3
1306,ZnO,3.25
1307,CdSnAs2,0.41
1308,Cd4As2I3,2.3
1309,WSe2,1.35
1311,Hg2Br2,2.6
1312,CdSb,0.42
1313,GaN,3.48
1315,Cs8Ga8Si38,1.14
1316,Ca5B3O9F,6.53
1317,BiOI,1.89
1320,SnS0.01Se0.99,0.95
1321,TlBr,3.12
1322,Hg6As4CdBr6,1.89
1326,Pb0.98Se0.98Bi0.04Te0.06,0.28
1327,Cs3Bi,0.7
1328,V2O5,2.32
1330,La2S3,2.77
1331,Zn3As2,0.93
1332,Li4.5Mn0.5TeO6,1.97
1333,Rb2Te,4.5
1334,InSb0.4As0.6,0.1
1335,Ce3MoO7,2.0
1337,BaTiO3,3.1
1338,Cs2TiAg2S4,2.44
1339,InP,1.42
1341,Zn3As2,0.96
1344,Y3GaS6,2.88
1345,Sc2O3,6.2
1346,Y6ZnSi2S14,2.38
1347,Tl2Cu2SnS4,1.4
1348,Ba3MgTa2O9,4.28
1350,LiBiS2,0.19
1351,GaAs,1.51
1352,KNbSe2O7,4.0
1354,ZnO,3.42
1356,CdGeAs2,1.1
1357,InS,2.07
1358,Nd2S3,2.65
1359,HfO2,5.55
1360,Rb2TiAg2S4,2.33
1362,La3InGe0.5S7,2.61
1363,Ba2InYSe5,2.31
1364,Pb0.8Se0.8Bi0.4Te0.6,0.22
1365,Pb6Sb6Se17,0.8
1366,Ba2GaBiSe5,2.21
1367,GaSe,2.1
1368,As2S3,2.8
1369,As2S3,2.57
1370,CdSe,1.87
1371,K2Cu2Sn2Se6,1.04
1373,As2Se3,1.7
1375,Er2Mo3O12,0.96
1376,Ba4Ge3Se9Cl2,1.89
1377,CuPbBiSe3,0.07
1379,HgCl2,4.45
1380,SrO,5.77
1382,TlSe,0.8
1384,BaPdSe6,2.15
1386,Cu3HoTe3,0.26
1387,ZnTe,2.37
1390,SnSi,0.59
1392,InAs,0.41
1393,Pb0.999TeTl0.001,0.3
1394,Ge40.0Te5.3I8,0.8
1395,AlSb,1.68
1396,Ag3AsSe3,2.18
1397,Cs2Cd3Te4,2.48
1398,PdI2O6,1.31
1399,Ba3BSbS6,2.62
1400,Ba2GaNdSe5,2.18
1401,ZnGeP2,2.0
1402,K2CuGa3Se6,1.72
1403,CdSiAs2,1.62
1404,NaBiSe2,0.35
1405,Bi2Te2.1Se0.9,0.29
1406,Ta0.67Zr1.33O1.38N1.97,2.31
1407,Cd8B5O15F,3.14
1408,As2Te3,1.59
1409,Hg0.08Zn0.92Te,1.9
1410,TlHgInS3,1.74
1411,KTiPO5,3.54
1412,RbI,6.25
1413,GaS,2.59
1415,As2S3,2.37
1416,Tb2O3,3.0
1417,LiGaS2,4.15
1418,K2TiCu2S4,2.04
1421,Tl4Ta2S11,1.26
1422,Er3SmSe6,2.0
1423,Pb0.6Ge0.4Te,0.51
1424,ZnS,3.7
1425,CrTe2,0.17
1426,CuCl,3.2
1427,PbS,0.28
1429,Cu0.9Ga1.1Se2.1,1.59
1430,CuFeTe2,0.16
1431,NdF3,6.15
1432,Pb0.85Se0.85Sn0.15Se0.15,0.22
1433,Hg0.4Cd0.6Se,0.7
1436,GaAs,1.51
1438,Cu0.9In1.1Se2.1,1.06
1439,Cs4BiAs3Se7,1.02
1440,SrMgSnSe4,2.0
1441,Pb2BO4H,3.76
1443,LiAsSe2,1.11
1444,K2Sn3Sb2S10,2.3
1445,NaSbS2,1.48
1446,CuCl,3.28
1447,LiCa3As2H,1.4
1449,Pb0.8Sn0.2Se,0.06
1452,CdS,2.42
1453,GeSn,0.8
1454,Bi1.6Te3Sb0.4,0.16
1455,GdN,1.54
1456,AgInS2,2.0
1457,Lu2CrS4,1.75
1458,MnF2,9.9
1459,CuGa2Se4,0.63
1460,La8Sb2S15,2.3
1461,Zn3Sb2,0.22
1464,UY4O3S5,1.95
1465,Ta0.67Zr1.33O0.42N2.61,1.93
1466,InSe,1.26
1468,Tl2GeTe3,0.37
1470,Zn2LiGaO4,4.0
1471,BiIO3F2,3.97
1473,Ba3B1.5S6Sb0.5,3.01
1475,Pb0.87Sn0.13Se,0.02
1477,AgTe,0.73
1480,DyAs,1.0
1482,Rb2TeBr6,2.14
1483,In2Se,0.69
1484,GeAs,1.45
1485,YVSeO10,2.7
1486,InSb,0.24
1487,KCu4AsS4,1.9
1488,K2ZnSn3S8,2.3
1489,B2O3,4.9
1490,As2S3,2.21
1491,PdS2,0.75
1492,GaS,2.59
1494,ZnIn2S4,2.86
1495,CdSiP2,2.16
1497,Gd2Mo3O12,4.06
1498,PbS,0.42
1499,AgGaTe2,1.1
1500,ScTiNbO6,3.58
1501,La3Sb0.33SiS7,1.92
1502,Cd4Sb2I3,1.83
1503,Ga2GeTe3,0.85
1504,Pb0.99Sn0.01Se,0.16
1505,GaAs0.15Sb0.85,1.1
1506,LiInS2,3.57
1507,Cu0.7In1.3Se2.3,1.1
1508,PbSe,0.15
1509,Ga0.95Sb0.95Cd0.05Te0.05,0.74
1510,Cu0.3In1.7Se2.7,1.21
1511,Cu0.15Ga1.85Se2.85,1.92
1513,CsYHgSe3,2.54
1514,Pr2Se3,1.8
1515,SiSe2,1.72
1516,Pb2N2SeO9,3.76
1518,Tl2BiP2S7,1.8
1519,SnS0.4Se0.6,0.98
1520,GeS,1.74
1521,Pb0.999Se0.999Sn0.001Se0.001,0.32
1523,NH6PO4,6.81
1526,NaInSnS4,2.4
1527,Cs2TeBr6,2.12
1529,Ca2Ge,1.0
1532,CuGaO2,1.47
1533,Ni2InVO6,1.92
1534,PrB6,4.9
1535,Rb2Mo3Se3O16,3.1
1536,CdS,2.43
1537,RbInS2,3.3
1538,Ga1.001Sb0.999Se0.003,0.71
1539,BaGa4S7,3.54
1540,CuIn3Te5,1.2
1541,LiMgAs,0.7
1542,InSb,0.18
1543,Ba2ZnV2O8,3.48
1544,TlSe,0.57
1545,Bi2SI2O11,3.74
1546,Pb0.99Ge0.01Te,0.32
1547,ZrSe3,1.25
1548,ZnTe,2.26
1549,ZnSb,1.05
1552,BiPO4,3.85
1553,Na2Se,2.0
1554,InAs,0.35
1555,La4FeSb2S10,1.0
1556,GdSb2BO8,3.48
1558,SiSn,0.59
1559,Ba2Ga8SiS16,3.4
1560,PbS,0.37
1562,Cu3AsS4,1.48
1563,Ag3SbS3,2.1
1564,K2Cu2Sn2S6,1.47
1565,Sb2Te3,0.35
1566,Zn0.8Hg0.2Se,1.4
1567,EuO,1.12
1569,GaAs0.1P0.9,1.22
1570,HgO,2.48
1571,NaNb2PS10,1.72
1572,CuGa3Se5,1.75
1574,TlInS2,2.25
1575,ScTa2O5N,2.67
1577,CdAs2,1.13
1578,Ag0.25Cd0.5In2.25Te4,0.39
1579,In6S7,0.95
1581,TlPrSe2,1.18
1583,GeSe2,2.3
1584,ZnO,3.44
1585,ZnTe,2.1
1586,In2Se3,1.38
1587,Ag2SnSe3,0.84
1588,AgGaSe2,1.3
1589,CdSnAs2,0.31
1590,InSb0.5As0.5,0.1
1591,B4C,1.64
1592,GdH2NO5,4.84
1593,Cu2GeSe3,0.85
1594,TlCl,3.23
1595,GaAs0.7Sb0.3,0.67
1596,PbI2,2.55
1597,ZnO,3.44
1598,GaN,3.48
1599,PdO,0.8
1600,Tl2TeS3,1.6
1601,AgFeTe2,0.58
1602,GeS2,3.43
1603,ZnS,3.82
1604,CaPr2S4,2.9
1606,InP,1.42
1607,InSb,0.23
1608,Ba2BiGaS5,2.38
1609,Cd3As2,0.19
1610,Bi24VO41,3.25
1612,SnS,1.3
1613,Pr1.29Lu0.71S3,1.38
1614,AgAsSe2,1.4
1615,TlInSe2,1.1
1616,InAs,0.33
1617,TaGaSe2,2.12
1618,AlN,6.03
1619,Sr8.007Ge2.043Bi7.949Se24,0.74
1621,In0.4As0.4Ga0.6P0.6,1.85
1623,Cu3TbTe3,0.46
1624,Na2CdGe2S6,2.57
1625,La2Ga2GeS8,2.78
1628,Ba7B3O9F5,4.94
1629,Ag2GeSe3,0.9
1630,In2Se,0.65
1631,Ge0.4Si0.6,0.94
1632,CdIn2Te4,1.17
1634,SnS0.25Se0.75,0.99
1635,Ag3AsS3,1.98
1636,Ge0.838Si0.162,1.32
1637,DyPO4,6.38
1638,HoIn3S6,1.23
1639,Ag2S,1.23
1641,Hg0.99Cd0.01Se,1.72
1642,PbTe0.99Se0.01,0.3
1645,CsInGeSe4,2.32
1646,ZnSe,2.82
1647,RbNb4Br11,0.46
1648,CuP2,1.45
1649,SnSe,0.95
1650,PbSe0.95S0.05,0.26
1651,CsI,6.37
1653,Ba3FeS4Br,1.65
1654,CdP4,1.15
1655,PrIn3S6,1.14
1657,ZnIn2Te4,1.8
1659,MgGeN2,4.2
1660,Ca4Bi6O13,2.76
1661,PrCuOS,3.03
1663,H6PtI6O20,2.12
1664,TlBr,3.3
1665,Hg0.77Cd0.23Te,0.12
1666,PbTe,0.3
1668,SnTe,0.3
1669,Li2In2SiSe6,2.54
1670,In0.3P0.3Ga0.7As0.7,1.67
1671,GaAs0.2P0.8,2.2
1672,RbCd4In5Se12,1.57
1673,Sm3Te4,0.51
1674,YbSb4Te7,0.22
1675,CsLiB6O10,6.89
1676,DyN,2.1
1678,Zn0.85S0.85Ga0.15P0.15,2.4
1679,K8Ce2I18O53,2.34
1681,Ba3Er2P4S16,3.3
1682,Li2ZnGeSe4,1.86
1685,PbBiO2Br,2.3
1686,Tl2GeTe3,0.36
1688,WSe2,1.57
1689,PrLuSe3,1.56
1690,BP,4.2
1692,Ga1.02Sb0.98Te0.06,0.68
1694,GdTe,1.3
1695,Pb0.59Ge0.41Te,0.49
1696,ZnSe,2.83
1697,CuZn2InTe4,1.05
1698,Cs2Al2B2O7,4.13
1699,Ba8Hg4S5Se7,1.98
1700,GaAs,1.44
1701,Pb0.9Se0.9Sn0.1Se0.1,0.24
1702,CdSb,0.47
1703,La2O2ZnSe2,3.4
1704,AgFeSe2,0.23
1705,CuBr,3.07
1706,GaSe,2.12
1708,In0.97As0.97Cd0.03Te0.03,0.71
1709,WO3,2.7
1710,Hg2Cl2,3.5
1711,GaAs,1.51
1712,Sb2S3,1.69
1713,K2Ag3Sb3S7,2.2
1715,InS,2.45
1717,K2ReH9,5.71
1718,TlPSe2,0.6
1719,AgGaSe2,1.66
1720,Eu3Se4,0.58
1721,Ge0.999Si0.001,0.65
1722,Hg2Cu3Te6O16,2.56
1723,Ag8SnSe6,0.71
1724,MgO,7.67
1725,Bi2AsO4Cl,3.43
1726,Cs2TeI6,1.5
1727,Ag2GeS3,1.98
1729,Cd4YB3O10,3.78
1731,OsP4,0.4
1732,AgSbS2,1.88
1733,TiTe2,1.0
1734,Pb2SbS2I3,2.0
1735,Cs3Bi2Br9,2.5
1736,La3Mg0.5SnS14,1.71
1737,ZnIn2S4,2.85
1738,CdS,2.6
1739,TlBiTe2,0.12
1740,Sc2O3,6.0
1741,InSe,1.12
1742,GaSb,0.73
1744,Ba2InGdSe5,2.24
1745,Cu3Ta7O19,2.47
1746,GaP,2.77
1747,PbTe,0.19
1749,K2CdP2Se6,2.58
1750,K1.83Cd1.83Bi2.17S6,1.37
1751,In4Te3,0.42
1754,Ce4Ge3S12,2.3
1756,CuGa3Te5,1.09
1758,KBi3S5,1.21
1759,CsCaBO3,4.2
1760,Hg0.65Cd0.35Te,0.28
1762,Cu3GdS3,1.62
1763,Cu3TmTe3,0.14
1764,LiBi3O4Cl2,3.35
1766,TlCl,3.46
1767,KSi2P3,1.72
1768,NaNO2,3.13
1770,AgSbSe2,0.67
1771,La2YbCuS5,1.45
1773,CdSe,1.82
1774,Mg2Sn,0.14
1775,Ga0.28In0.72As,0.55
1776,ZnAs2,0.9
1777,Ag7AsSe6,1.0
1778,Ag2CdGeS4,2.32
1780,AgLi0.33Ti0.67O2,2.7
1781,Hg0.06Zn0.94Te,2.03
1782,YbGa2Se4,1.8
1784,Pb0.8Sn0.2Te,0.11
1785,Ba4B11O20F,7.1
1786,GaSe,2.11
1787,In2O3,2.8
1788,CrSb2,0.14
1789,ZnIn2S4,2.5
1790,Na2Nb4Se4O19,3.56
1791,Cd3As2,0.12
1792,Bi2Te1.2Se1.8,0.28
1795,TlInS2,2.52
1796,KIO3,3.71
1797,Rb2Hg3Ge2S8,2.8
1798,Rb2TeI6,1.4
1800,GeSi,0.88
1801,Cs5P5Se12,2.17
1802,NaAsS2,2.23
1804,La2Se3,1.7
1805,TaGaS2,3.4
1806,MnP4,0.28
1807,CdSe,1.82
1808,K10Zn4Ge4S17,3.34
1809,YbS,0.98
1810,Tl2Au2Sn2Se6,1.2
1811,Cs2Bi2Cd2S5,1.7
1813,TeSe3,1.87
1814,Cr3Se4,1.59
1815,Ga0.65Al0.35As,2.0
1816,K2Bi8Se13,0.47
1817,Zn6S5Cl2,2.71
1818,CuInSe2,0.8
1819,CuInTe2,0.88
1822,Pb0.999Se0.999Bi0.002Te0.003,0.79
1823,Ag2O,1.57
1824,Pb3B3O10N,3.64
1825,MnVTe2O8,1.9
1826,Cd0.99Te0.99Al0.01Sb0.01,1.6
1827,KTbSe4,1.65
1828,GaAs,1.42
1829,ZnAs2,1.2
1830,SrBiO2Cl,3.52
1831,FeSi2,1.0
1832,Ho2Mo3O12,1.07
1833,K2SmP2S7,2.59
1834,K10Zn4Sn4S17,3.2
1835,CdS,2.58
1836,InSb,0.23
1837,CdS,2.52
1838,AlSb,1.7
1840,Mg2Sn,0.35
1841,Ba5V3O12F,3.85
1843,NaCd4P3,1.1
1844,AlSb,2.22
1846,EuSb2Se4,0.95
1847,Pb0.93TeIn0.07,0.32
1849,AsSeI,1.76
1850,InS,2.06
1851,Pb0.999Sn0.001Te,0.21
1852,In0.94As0.94Cd0.06Te0.06,0.68
1853,TlN,1.4
1855,ZnSb,1.09
1856,AgAlO2,3.6
1857,KF,10.3
1859,AgAlTe2,1.9
1861,Sb2Se3,1.0
1862,PbTe,0.29
1865,LiPbSb3S6,1.6
1867,TlCl,3.8
1869,SnGa4Se7,2.55
1871,Cd3P2,0.59
1873,Hg0.7Cd0.3Se,1.1
1874,PbSe,0.26
1875,PbS,0.6
1876,PbI2,2.54
1877,GaAs,1.48
1878,InP,1.41
1880,Na3Sn2F6Cl,3.88
1881,SnS,1.22
1882,CdS,2.53
1883,ZnO,3.35
1884,K5In3P6Se19,2.2
1885,SnI4,2.38
1887,Li2B12Si2,2.27
1888,PbSb2Se4,1.8
1889,PdS,0.5
1890,Cd0.9Te0.9Al0.1Sb0.1,1.36
1892,CsCl,8.1
1894,KBiSiS4,2.25
1895,Ba4Si3Se9Cl2,1.76
1897,FeIn2Se4,1.15
1898,CsNbSe2O7,4.2
1900,Ga0.99Sb0.99Cd0.01Te0.01,0.72
1901,Cs3Nb2AsSe11,1.35
1902,K3Ta2AsS11,2.21
1903,GaSb,0.81
1905,Ba5Ga6SnP12,1.21
1906,DyIn3S6,1.22
1908,Pb4V2Se6O21,3.37
1909,EuGa2S4,2.25
1910,PbMnIn2S5,1.45
1911,ZnTe,2.28
1912,PbCdP4O12,4.85
1914,Na2CdSnS4,2.52
1915,LiCsCO3,6.19
1917,PbTe,0.19
1918,SbI3,2.22
1919,CdIn2S4,2.0
1920,HgSe,0.24
1921,Tl3CuNb2Se12,0.8
1922,YH2NO5,4.83
1923,Mg3P2,1.4
1924,Zn0.4Hg0.6Se,0.42
1925,InSb,0.27
1926,Rb3Sb2I9,1.94
1927,In0.6Al0.4P,2.12
1928,Ba4Sb3S8Cl,2.09
1930,ZnSiP2,2.07
1931,Bi2O3,2.91
1932,CdTe,1.45
1933,In6Se7,0.72
1934,BaTiO3,3.04
1935,NaInS2,1.9
1936,Bi14.7In11.3S38,1.45
1937,CdGa2Se4,2.48
1938,Bi2S3,1.45
1939,Cs2CdP2Se6,2.63
1941,Pb0.93TeTl0.07,0.54
1942,ErBiW2O9,3.26
1944,LiAsSe2,1.5
1945,LiGaGe2Se6,2.64
1947,GdAs,0.63
1950,Ba2InErSe5,2.29
1951,CsPSe6,1.9
1952,Sb2Se3,1.11
1955,CdS0.8Se0.2,2.23
1956,ZnTe,2.35
1957,Gd2S3,2.55
1958,Na2TeS3,2.35
1959,AgPbBiS3,1.2
1960,Hg4As2ZrCl6,2.48
1961,BaBiO2Cl,3.71
1962,CdSnAs2,0.4
1963,CdGeAs2,0.85
1964,RbYbZnSe3,2.07
1965,CdGeAs2,0.72
1966,Cd4As2Br3,1.78
1968,NaInTe2,1.6
1969,FePS,0.25
1970,PtSb2,0.06
1971,Tm2O3,4.53
1972,PtAs2,0.8
1973,K1.46Sn3.09Bi7.45Se15,0.39
1974,CdSiAs2,1.52
1975,NaBa2Cu3S5,0.45
1976,GaN,3.39
1977,RuS2,1.8
1978,KEuAsS4,1.89
1979,Pb0.61Ge0.39Te,0.56
1980,TlSe,0.65
1981,Cu3YbSe3,0.2
1982,Pb0.96TeTl0.04,0.57
1983,Pr2Se3,1.9
1986,PbGa2Se4,1.83
1987,Mg2Pb,0.04
1988,Ba2B6O11,5.17
1990,TlAsS2,2.22
1991,InSe,1.25
1992,PbO2,1.5
1994,Pb0.99TeGa0.01,0.42
1995,BaRh2Ge4Se6,1.09
1996,CsGeI3,1.6
1997,RbBiS2,1.36
1998,Rb1.45Pb3.1Sb7.45Se15,0.45
2000,MgSiN2,4.05
2001,CoSb3,0.5
2002,MgTe,3.6
2003,Ba2InDySe5,2.27
2004,Ba4AgInSe6,2.41
2005,KH3Se2O6,4.88
2006,ZnTe,2.3
2007,PdPSe,0.15
2008,B2O3,4.89
2009,BiFSeO3,3.83
2010,KCl,8.5
2011,Pb0.9Sn0.1Te,0.16
2012,ZnIn2Se4,1.82
2014,Cd3As2,0.43
2016,CdSe,1.84
2017,MoO3,3.66
2018,Zn2In2S5,2.65
2020,PbO2,1.7
2021,Si2Te3,2.18
2022,InP,1.35
2023,LaVI5O16,3.58
2024,KBiS2,0.9
2025,CdSe,1.7
2026,BAs,1.45
2027,CdSb2Se3Br2,1.4
2029,BaZn2As2,0.23
2031,YbSb2S4,1.12
2032,HgTe,0.15
2033,CdTe,1.56
2034,AgCl,5.13
2035,CuInSe2,1.01
2036,TlSbSe2,0.82
2037,GeS,1.59
2038,Th2GeSe2,1.98
2039,Rb2Cu2Sb2S5,1.6
2040,CuGaS2,2.43
2041,Ba1.88Ta15O32,0.13
2043,Cu0.35Ga1.65S2.65,2.53
2044,Li4.5Ga0.5TeO6,4.99
2045,KGaSnSe4,1.73
2046,AlN,6.09
2047,Cu0.95In1.05Se2.05,1.07
2048,Cu2Te,1.08
2049,CdIn2Se4,1.45
2051,Hg0.8Zn0.2Te,0.08
2053,Zn0.3S0.3Ga0.7P0.7,2.3
2055,KSbS2O8,4.64
2056,CdS0.99Se0.01,2.4
2057,RbCl,8.29
2058,Ba2InNdTe5,1.37
2059,Ba2GaSmSe5,2.27
2060,ZnI2,4.53
2061,K2CuNbSe4,2.14
2062,InBi2S4Br,1.5
2063,Ga0.01P0.01Zn0.99Se0.99,2.6
2064,TiS3,0.9
2065,ZnSe,2.8
2067,SbSI,1.92
2068,Ba3Ta2Se9,1.6
2069,ZnSnAs2,0.66
2071,Ce10OSe14,1.93
2072,K2P2Se6,2.08
2073,EuSb4Te7,0.54
2074,CsAgSb4S7,2.04
2075,WSe2,1.49
2076,TlSe,0.79
2077,Ca3Sb2,1.4
2079,Na8CsB21O36,4.67
2080,Cu2P2S6,2.2
2083,TlBr,2.64
2084,ZrNiSb,0.55
2085,Mg2Sn,0.34
2086,PtS2,0.75
2087,CeFMoO4,2.52
2088,InSb,0.24
2089,Rh0.67S2,1.5
2090,Nd4Ge3S12,2.62
2091,GdB66,1.27
2093,CuNb3O8,1.47
2095,Pb0.92Sn0.08Te,0.13
2096,Cs2HgI2Cl2,2.15
2097,PbTe,0.25
2098,ZnS,3.66
2099,Ge0.891Si0.109,1.13
2100,Ba2GaSbSe5,2.51
2102,AgAlSe2,2.55
2103,Pb0.999Sn0.001Te,0.23
2104,BaF2,9.2
2105,InAs,0.42
2106,Ge0.8Si0.2,0.86
2107,GaSe,2.13
2108,InS,1.8
2110,YbS,1.33
2111,TlCu3Lu2Se5,2.12
2112,GaTe,1.67
2113,LiF,11.7
2115,Gd3.04Sc0.96S6,1.5
2116,Pb0.999TeGa0.001,0.3
2118,CdSiP2,2.25
2119,Ba2ScTaO6,4.19
2121,La2MnNiO6,1.2
2122,ZnIn2S4,2.7
2123,TlPS2,1.6
2124,Mg2Sn,0.31
2125,Li2ZnSnSe4,1.87
2128,ZnSnSb2,0.3
2129,InP,1.35
2132,CdTe,1.6
2133,Ga2Te3,1.32
2135,CuI,3.12
2136,SnS0.8Se0.2,1.07
2137,Ga2GeTe3,0.84
2138,Ge0.92Si0.08,0.72
2139,Ge0.93Si0.07,1.04
2141,Bi2I4O13,3.3
2142,NaGe3P3,2.06
2144,PtSe2,0.1
2145,GeS,1.74
2146,Cu2ZnSnTe4,1.39
2147,AlVTe2O8,2.9
2148,PtP2,0.8
2149,AgAlTe2,1.8
2150,Bi3In4S10,1.42
2152,AlP,2.51
2153,Ag2.7Ba6Sn4.3S16,1.38
2154,SnGeS3,2.23
2155,CaSm2S4,2.05
2156,K8Al8Si38,1.4
2157,BiSI,1.56
2158,Ce2YbCuS5,1.37
2159,Cu2O,2.59
2160,PbCl2,3.82
2162,BaClBF4,6.89
2163,Sn2S,0.95
2164,CdSb,0.43
2165,Pb0.995TeTl0.005,0.48
2167,Cs2Te,3.5
2168,Th2Se5,0.37
2169,Fe2TiSi,0.4
2170,Hg0.1Zn0.9Te,1.74
2171,PbGeS3,2.4
2172,Na2KSb,1.0
2173,Mn2.04Gd1.47In0.49S5,1.75
2174,KAg2SbS4,2.2
2175,TlCl,3.23
2176,InSe,1.29
2177,Cs2CuNbSe4,2.19
2178,ZnIn2S4,2.9
2179,GaSb,0.67
2181,La3CuGaSe7,1.36
2182,Cu2CdGeSe4,1.2
2185,Ga2Te3O9,4.15
2186,HfS3,2.8
2189,KInSe2,2.68
2190,ZnO,3.3
2192,Hg0.3Cd0.7Se,0.55
2193,TaGaSe2,2.03
2196,Cs2Cd3B16O28,4.76
2197,TlInTe2,0.68
2198,CuCl,3.22
2199,HfS2,2.9
2201,Cu0.35Ga1.65Se2.65,1.81
2202,KIO3,3.87
2203,K2AgSnSe4,1.8
2205,SmB66,0.8
2208,RbCl,8.3
2210,CsSbS2,2.8
2211,GaAs,1.4
2212,CdSe,1.74
2213,Li6Al2Te8O22,3.63
2214,Rb3Bi2Br9,2.62
2215,SnS,1.25
2216,Pr10OSe14,1.89
2217,EuS,1.65
2218,CuInSe2,0.92
2220,Ag2SnS3,1.37
2221,BaTe,3.4
2222,Pb2B3O7.5H2,4.42
2223,YbSb2Te4,0.34
2224,Cs2Zn3Se4O12,4.3
2225,CeScO3,3.2
2226,SnSe,0.95
2227,Ag3AsS3,2.1
2228,Cu3AsSe4,0.88
2229,AlSb,1.8
2230,ZnTe,2.39
2231,Tl2TeI6,1.47
2232,AlB12,2.2
2233,Zn0.9Hg0.1Se,1.75
2234,ZnIn2S4,2.65
2235,Cd4As2Br3,1.93
2236,PbBr2,3.2
2237,AlB12,1.9
2238,Rh0.67Se2,0.7
2239,Ge0.001Si0.999,1.09
2240,Ga0.95Sb0.95Zn0.05Te0.05,0.85
2241,LiPbB9O15,4.75
2242,La2V2IO9,3.63
2244,Sn2SbS2I3,1.5
2245,Cd3P2,0.56
2246,Ba2B6O9(OH)4,6.53
2247,Nd2Se3,1.7
2248,Nd4InSbSe9,1.57
2249,Sm2O3,5.0
2250,ZnS,3.58
2251,TlInSe2,1.2
2252,YbTe,1.8
2254,TlInSe2,1.4
2256,DyTe1.7,0.35
2257,Na2CdGe2S6,3.21
2258,NH6PO4,6.8
2260,AgGaS2,2.73
2261,InSb2Se4Br,1.35
2262,CdTeO3,3.55
2264,Sm4InSbS9,2.13
2265,Cs4Pb4Ge5S16,1.95
2267,Cd3As2,0.17
2268,CsSmCdSe3,2.47
2269,CaF2,9.92
2270,ErN,2.4
2272,RbMoPO6,2.96
2273,RuPS,1.4
2274,CuCl,3.2
2275,NaI,5.93
2277,GaSb,0.81
2278,SrSeO4,4.75
2279,SnSe,0.9
2280,TlCr5Se8,0.67
2281,TlInGeS4,2.3
2282,La3Sb0.33SiSe7,1.75
2286,Hg0.8Cd0.2Se,1.1
2287,As2Se3,1.8
2288,K2ZnSn3S8,2.55
2289,InP,1.29
2290,CuIn3S5,1.2
2291,ZnO,3.48
2292,Ga2S3,2.84
2293,GaSb,0.8
2294,CdP4,1.0
2295,TlCr5SSe7,0.71
2296,GaSe,2.01
2297,Sn2BiS2I3,0.9
2298,Cu0.35In1.65Se2.65,1.19
2299,Ba4Ge3S9Cl2,2.91
2300,CdSe,1.82
2301,BiSeBr,1.96
2302,Zn0.85S0.85Ga0.15P0.15,2.9
2303,NiS2,0.64
2304,Na8Eu2Ge4S12,2.15
2305,CaGd2S4,2.55
2306,Ho2S3,0.5
2307,K3Cu3Th2S7,2.49
2308,CuGaS2,2.5
2309,K4Nb2S11,2.35
2310,MoTe2,1.2
2311,IrSe2,1.0
2312,CdS,2.39
2313,K2ZnSn3S8,2.15
2314,Ga2Se3,2.05
2315,TlSe,0.74
2316,Ir2Sn3Se3,0.43
2317,Zn0.5Cd0.5Se,3.0
2318,CuZr1.86S4,1.26
2319,ZnS,3.63
2320,Hg0.8Cd0.2Se,1.3
2322,La3GaGe0.5S7,2.54
2323,CeF3,4.85
2324,Cu3GdSe3,0.14
2325,Ce2O2FeSe2,0.64
2326,Dy4GaSbS9,2.58
2327,GaSe,2.12
2328,Ru2Si3,0.7
2329,CdP2,2.13
2330,AgIn3Te5,0.68
2331,CdSb,0.48
2333,Zn0.55S0.55Ga0.45P0.45,2.4
2334,PbSeO4,4.3
2336,Ba3SnSb2Se8,0.97
2337,LiAlB14,2.05
2338,Ga0.2In0.8As,0.5
2340,Tb2Mo3O12,1.41
2341,LaB6,4.1
2342,NaAlGeS4,3.6
2343,CdSb,0.54
2344,Ag2NbP2S8,2.02
2345,LaGaO3,4.4
2346,Na0.5Pb1.75GeSe4,1.6
2347,As2S3,2.5
2349,CuGaS2,2.38
2350,InAs,0.36
2351,CaO,7.0
2352,Ba4CuGa5S12,2.82
2353,CsCdBO3,2.58
2356,ThO2,3.5
2357,BaTiO3,2.96
2359,SbSI,1.85
2361,NiP2,0.5
2362,AgTlSe2,0.72
2365,CuCd2InTe4,0.85
2366,GeAs2,1.1
2368,KBiSe2,0.61
2369,CdSe,1.83
2371,GeS,1.74
2373,PdP2,0.65
2374,Ba4Ga4SnSe12,2.16
2375,Na2GeIn2Se6,2.47
2376,Ba2In2S5,2.47
2377,BaCuSbS3,2.0
2378,Na2ZnGe2S6,3.25
2379,InSe,1.17
2380,Sb2S3,1.67
2381,GeSe2,2.49
2382,K3Cr2P3S12,1.35
2383,CdSe,1.9
2384,YClMoO4,3.82
2385,ReSi2,0.12
2387,Ag2MoI4O14,3.06
2388,Cd3As2,0.53
2389,HoN,1.88
2390,GeS,1.77
2391,CdSnAs2,0.5
2392,In0.99As0.99Ga0.01P0.01,0.3
2395,CuCl,3.21
2396,Zn3P2S8,3.07
2397,GaP,2.75
2398,Ga0.58As0.58Zn0.42Se0.42,1.67
2399,CsYCdSe3,2.58
2401,PdPS,1.38
2402,Na2Ga2SnS6,2.2
2403,Fe2P3B1O12,3.52
2404,ReO3,2.3
2405,Pb2BiS2I3,1.6
2406,Li3AlP2,2.75
2408,TlHg6S4Br5,3.03
2409,Rb3Sb,1.0
2410,Ce2YbCuSe5,1.05
2411,La3CuGeSe7,2.0
2412,RbYTe2O6,3.6
2413,CuInTe2,0.95
2414,LiIO3,4.37
2415,CsCd4Ga5Se12,2.21
2416,In0.5P0.5Ga0.5As0.5,1.75
2417,ZnS,3.64
2418,Cd6P7,0.85
2419,Ag2S,1.03
2421,HgS,2.1
2423,Cs5BiP4Se12,1.85
2424,CdIO3Cl,4.3
2425,Eu4Te7,0.31
2426,V3As2O9,0.76
2427,GdIn3S6,1.13
2428,In0.8P0.8Ga0.2As0.2,1.4
2429,Li8GeN4,2.61
2430,NaNbSe2O7,3.65
2431,CdS,2.52
2432,Pb0.85Sn0.15Te,0.1
2433,AlSb,1.6
2434,TlBr,3.02
2435,AgSbSe2,0.62
2436,BiI3,1.81
2438,CsRbP2Se8,2.41
2439,Na2In2SiS6,3.27
2440,NaScSe2O6,5.5
2441,MoTe2,1.1
2442,As2Se3,1.73
2443,CdP4,0.91
2444,Ba6Al4B14O33,3.44
2445,Mg3B50C8,2.7
2446,InP,1.45
2450,Zn0.75Cd0.25Se,3.2
2452,AgInTe2,0.93
2453,AsTe,0.74
2454,Pb2O3,1.67
2455,K10Sn3P8Se24,1.82
2456,Sm2ZrSe5,1.41
2457,Ba5Ga2Se8,2.51
2458,Ce15B8N25,3.5
2459,In0.1As0.1Ga0.9P0.9,2.25
2460,Sn0.5GaZn3.5O6,2.99
2461,Cu2Se,1.3
2462,CuIn5S8,1.34
2463,BaGa2GeSe6,2.81
2464,Ga0.25Al0.75As,2.42
2466,LiI,5.9
2467,Rb1.54Cd1.54Bi2.46S6,1.33
2468,Cu2CdSnS4,1.4
2469,CuGaSe2,1.36
2470,Pb2V3Se5O18,3.14
2471,Li2In2GeSe6,2.3
2473,ZnTe,2.23
2474,Fe2Te3,0.34
2475,LiIO3,4.0
2476,SrTiO3,4.1
2479,Tl2Hg3Se4,1.57
2480,RbSbS2,2.13
2481,La2YbCuSe5,1.15
2482,In2S3,2.0
2483,NaAsS2,2.33
2484,Ag0.4Cd0.5In2.2Te4,0.19
2485,Cs2Hg3S4,2.8
2486,GaSe,2.13
2487,ZnO,3.44
2488,BiSeI,1.32
2489,MgSe,5.63
2490,CdIn2Te4,1.44
2492,Gd2Mn4S7,1.44
2494,Ba3Ta5O14N,2.8
2495,PbCdP4O12,4.87
2496,Sr2SmTaO6,3.38
2497,CsYbZnSe3,1.97
2498,LiGaSe2,3.34
2500,Hg4As2HfCl6,2.47
2501,CdSb,0.58
2502,KBaSbSe3,2.04
2504,RbMn4In5Se12,1.76
2505,MnSe,2.5
2506,Cu0.15In1.85Se2.85,1.32
2507,KUO3Cl,2.37
2508,CsTb9Cd4Se18,1.95
2509,GeAs,1.65
2510,Cd3MoTe2O10,3.81
2511,ZnSnAs2,0.6
2512,ZnIn2S4,2.99
2514,Pb0.7Ge0.3Se,0.4
2515,CsInGeS4,2.4
2516,BiTeI,0.46
2517,GaTe,1.5
2518,Cs2Cu2Sb2S5,1.6
2519,Pb2H2P2O6,3.97
2520,Na7.36Ga7.24Sn4.78Se24,1.5
2521,GaTe,1.7
2523,KYTe2O6,3.8
2524,Rb4Ti3S14,1.59
2526,CsCd4In5Se12,1.62
2527,La2MoO5,1.0
2528,BaZnSiSe4,2.71
2529,Pr4Te7,0.46
2531,CdGa2S4,3.4
2532,KV2I3O13,2.3
2534,GaSe,2.2
2535,CaMg2N2,3.25
2536,MgSe,6.0
2537,Pr2.48Tb0.52Ga1.67S7,2.61
2538,Zn3In2S6,3.05
2540,TlAsSe2,1.4
2541,CsYbZnSe3,2.1
2542,Cd3P2,0.52
2543,PbSbO2I,2.48
2544,Ba8Ga10Si36,0.31
2546,Pb0.83Sn0.17Te,0.15
2547,KNb3Se2O12,3.46
2549,Tl3AsSe3,1.3
2550,CdGa2Se4,2.1
2552,InSe,1.35
2554,ThOS,2.22
2555,Tl4Nb2S11,1.8
2556,SmTe,0.22
2557,Hg4As2.5InBr3.5,1.71
2558,Li4.5Fe0.5TeO6,3.25
2559,Bi25FeO39,2.8
2561,CdO,2.3
2562,Bi2Te0.1Se2.9,0.78
2563,PbSbBS4,1.8
2564,ZnGa2Se4,1.72
2566,Pb10B3O13Br3,3.25
2567,AgGaS2,2.62
2568,AgBiP2S6,1.7
2569,SrThP2S8,3.02
2570,UO2,2.18
2571,CuGaSe2,1.7
2572,DyB6,3.3
2573,K1.25Pb3.5Bi7.25Se15,0.53
2574,K2Cd2Te3,1.93
2575,Gd4GaSbS9,2.41
2578,CdSiAs2,1.47
2579,ZnS,3.88
2581,PbBiBO4,3.2
2584,BaGa2SiS6,3.75
2585,BaF2,9.06
2586,BaTiO3,3.13
2587,AlB12,2.5
2588,RbAg2TeS6,2.04
2589,Ba3P3O10Cl,6.89
2590,Sm2Mn3Sb4S12,1.5
2592,CdS0.35Se0.65,1.93
2593,CoAs3,0.4
2594,GeSe2O6,5.27
2595,RbPSe6,2.18
2596,Cu3ErTe3,0.24
2597,KTaO3,3.5
2598,SnS,1.09
2600,In0.9As0.9Cd0.1Te0.1,0.69
2601,CsZn4In5Se12,1.61
2602,Na2KSb,1.1
2603,Pb0.9Sn0.1Se,0.12
2604,RbF,10.4
2605,InP,1.26
2606,PbI2,2.32
2607,SbSeI,1.63
2608,LiZnN,1.91
2610,CsBi3Se5,0.43
2612,Bi12PO20,3.25
2613,TlInSe2,1.12
2615,AgGaSe2,1.8
2616,LiNbO3,4.3
2618,CuCdInSe3,1.66
2620,Co2Te3O8,3.6
2621,Li4SrB2O6,6.67
2623,K4GeSe4,0.64
2624,CdCl2,5.7
2625,AlB12,1.96
2626,Na4MgGe2Se6,2.53
2627,AgI,2.82
2628,TaON,2.4
2629,Ba3BSbSe6,1.89
2630,EuLu2Se4,1.7
2631,GaP,2.74
2633,Na4MgSi2Se6,2.85
2634,CaSe,4.87
2635,CsCeHgSe3,1.94
2636,PbGa2GeSe6,1.96
2637,In0.96As0.96Cd0.04Te0.04,0.69
2638,CsCu2AsS3,2.3
2641,SrTiO3,3.0
2642,InP2S4,2.42
2643,Ga0.8Sb0.8Cd0.2Te0.2,0.8
2644,EuSb2S4,1.2
2645,BaGa4Se7,2.64
2646,KRbBi8Se13,0.64
2647,In0.4Al0.6P,2.3
2648,K8Ga8Si38,1.18
2649,CuFeSe2,0.16
2650,Cd3As2,0.13
2651,La3Te4,0.43
2652,Rh2S3,0.8
2653,Ga1.01Sb0.99Te0.03,0.68
2654,In0.4P0.4Ga0.6As0.6,1.74
2655,GaSe,2.13
2656,GaAs,1.52
2657,Sb2Te3,0.21
2658,Er2Mo3O12,1.04
2659,TlSe,0.67
2660,GaSe,2.17
2661,Ge0.1Si0.9,1.04
2662,Y2S3,2.9
2663,Ba3ZnTa2O9,4.32
2664,CuBS2,3.61
2665,Zn0.4Hg0.6Se,0.5
2666,Ta2O5,4.2
2667,Pb0.75Sn0.25Se,0.04
2668,Cu2ZnGeS4,2.1
2669,Cu0.2In1.8Se2.8,1.26
2670,AgS,1.0
2672,RbZrPSe6,2.0
2674,Zn3P2,1.15
2675,GeO2,5.63
2676,CdSe,1.73
2678,NdTe2,0.48
2679,NaSbS2,1.8
2681,Pb2GeSe4O12,4.1
2682,CsSmZnSe3,2.43
2685,Bi2SeI2O11,3.7
2686,CdP2,2.15
2687,Dy3Al0.5SiS7,2.22
2688,TlCr5S4Se4,0.85
2689,Nd2ZrS5,1.83
2690,MnTe,1.35
2692,Ga1.005Sb0.995Te0.015,0.68
2693,Ba3InS4Cl,3.42
2694,EuVO4,3.26
2695,CuGa3Se5,1.81
2696,Bi5O7I,2.76
2697,CsLaHgSe3,2.46
2698,Mg2Pb,0.1
2699,CdSe,1.77
2700,NaI,5.89
2702,TlSe,0.75
2703,ReSi2,0.2
2704,CdTe,1.6
2706,NaIn3S5,2.18
2707,TiC0.9,0.3
2708,KPbB5O9,3.1
2709,GaTe,1.63
2711,Cu0.4In1.6Se2.6,1.32
2712,ZnSnAs2,0.65
2713,BaS,3.88
2715,PbTe,0.32
2716,K2Au2SnS4,2.75
2717,TlBr,3.4
2720,AgO,1.57
2721,ZnO,3.44
2722,CdS,2.55
2723,Rb2TiCu2S4,2.19
2726,LiAlB14,1.82
2727,Ba3Sn0.87Bi2.13Se8,0.79
2729,Ce2Te3,1.22
2730,KCd4Ga5Se12,2.16
2731,EuGa2Te4,1.7
2732,PbBr2,3.23
2733,ScN,2.6
2734,Ba3Gd2P4S16,3.41
2737,Sm4GaSbS9,2.23
2738,Hg3ZnS2Cl4,2.65
2739,BeO,10.39
2740,Ga1.05Sb0.95Se0.15,0.66
2742,Na3WO4Cl,4.99
2743,GeAs2,1.06
2744,GaAs,1.52
2745,In0.01Al0.99P,2.4
2746,Ba4CuGa5Se12,1.45
2749,InAsI,0.41
2751,GaSb,0.81
2752,CuFeSe2,0.15
2753,Cu3ScSe3,0.3
2755,Hg0.8Zn0.2Te,0.07
2756,AlN,6.28
2757,SiAs,1.45
2758,In2Se3,1.18
2759,HgSc,0.24
2761,CdP4,0.99
2762,CdSnAs2,0.26
2764,NaYbP2S6,1.85
2765,GaN,3.44
2766,Rb3NaMo2O8,4.84
2767,BeS,4.17
2768,Ag7AsS6,1.0
2769,Ga2S3,2.8
2770,TlAsSe2,1.35
2771,Ag0.2Cd0.75In2.1Te4,0.54
2772,WSe2,1.45
2773,NdCuOS,2.98
2774,Zn0.99Cd0.01Se,3.6
2775,ZnB12O24H10,4.6
2776,CdTe,1.66
2777,CdS,2.49
2779,CaB6,4.5
2780,AgIn5S8,1.76
2782,V2O5,2.36
2783,CuBr,2.9
2784,Hg2Br2Te2,2.06
2785,ScNiSb,0.11
2786,BaGa2GeSe6,2.22
2787,Na2Te,2.3
2788,In4As5O12Br3,4.22
2790,TaN,2.3
2791,Na2Mo2Se2O11,3.1
2792,K4Ag9Sb4S12,2.0
2793,K2Gd2Sb2Se9,1.33
2794,RbBi3Se5,0.8
2795,RuSbTe,0.5
2797,BiI3,1.93
2799,ZnSiAs2,2.12
2801,ZnSe,2.82
2802,La2Ga0.33SbS5,1.76
2803,BaB2O4,6.7
2804,UO,1.5
2805,CuSbS2,1.4
2806,SmS,2.3
2808,ZnSe,2.68
2809,Cs4Zr3S14,2.35
2811,CaNd2S4,2.7
2812,CsSmZnSe3,2.63
2813,NaIn3Se5,2.17
2815,Hg0.01Zn0.99Te,2.17
2816,TlScSe2,0.79
2817,Sb2Te3,0.28
2818,Tl2O3,2.25
2819,CdGeAs2,0.5
2820,Mg2Sn,0.23
2821,SrPb3Br8,3.2
2822,CuFeS2,0.43
2823,KSbS2,1.67
2824,RbCl,8.2
2825,MnSb2Se4,0.31
2827,Na2TeSe3,1.87
2828,Cd3As2,0.11
2830,CsZrPSe6,2.0
2835,LiMgBi,0.4
2836,NaBiS2,0.44
2837,PbI2,2.54
2838,CdGeP2,1.73
2839,CoSb3,0.49
2840,InSe,1.05
2841,Bi25GaO39,2.99
2842,Ba12In4S19,2.56
2843,Cu0.1Ga1.9S2.9,2.65
2844,Bi7F11O5,4.05
2845,Zn0.01Cd0.99Se,2.4
2846,Sr4Te3O8Cl4,4.0
2847,BaIn2S4,3.06
2849,InSb,0.23
2850,BaTiO3,3.06
2851,SrGe2,0.9
2853,Cd4P2Cl3,2.24
2854,In0.98As0.98Cd0.02Te0.02,0.73
2855,GaSe,2.09
2857,WO3,2.8
2859,Ga0.5Al0.5As,2.12
2860,CuScO2,3.3
2861,Gd2O3,5.3
2862,InAs,0.41
2863,GaAs0.01P0.99,2.23
2865,IrS2,0.9
2866,MnI2,4.04
2867,In0.4Ga0.6P,2.05
2868,TlBr,3.3
2869,AlP,2.51
2870,Eu1.83Ta15O32,0.23
2871,Ga2Te3O9,4.14
2872,In2Se,0.83
2876,PrBN2,4.0
2877,Sr3Se3O8Cl,4.4
2878,LiBr,7.5
2880,Cs2Ga2Se5,1.95
2881,Cd3P2,0.58
2882,Zn3In2S6,2.8
2883,RbBi3Se5,0.43
2884,Pb0.9Ge0.1Se,0.3
2885,CuInSe2,1.07
2886,InAs,0.28
2887,Cu2Te3O8,2.64
2889,CuI,3.05
2890,Ba2InDyTe5,1.35
2892,CsSmHgSe3,2.37
2893,Ca3B2N4,3.9
2895,EuSb2BO8,3.46
2896,K4Hf3Se14,2.02
2897,ZnO,3.48
2898,NaCeS3,2.15
2900,Si2Te3,2.16
2901,LaTaN2O,2.0
2902,Cs4Ta4P4Se24,2.38
2903,CdSe,1.87
2904,EuEr2Se4,1.7
2905,BaGe2,1.0
2906,TlInSe2,1.18
2907,Bi2CrI2O11,2.4
2908,Ga0.85As0.85Zn0.15Se0.15,1.47
2909,LiInSnS4,2.3
2910,Pr2Te3,1.5
2911,EuGa2Se4,2.16
2913,In2Se3,1.42
2914,Pr2Te4O11,3.65
2915,CoP3,0.45
2916,TlInTe2,0.7
2917,ZnIn2Te4,1.95
2918,RbCu2SbS3,1.67
2920,Cr2S3,1.1
2922,Cu2O,2.58
2923,Er2Te3,0.9
2925,Rb8Ga8Si38,1.18
2926,AgSbTe2,0.6
2927,Li2In2GeS6,3.45
2928,SnBr2,3.5
2929,ThO2,3.3
2930,Bi8Te7S5,0.4
2932,Li2ZnGe,1.1
2933,Na2RbSb,1.0
2934,TaGaS2,2.56
2935,K2Hg3S2.69Se1.31,2.28
2936,In0.3Al0.7P,2.3
2937,ZnO,3.44
2938,GaTe,1.74
2939,SrS,4.76
2940,LiGaS2,3.62
2941,In2Se3,0.97
2942,MnTe9,2.0
2943,LiCl,9.33
2945,TlSe,0.73
2946,CuIn2S3.5,1.43
2948,Pb0.93TeGa0.07,0.34
2950,LiBiS2,0.11
2951,CaBi2O4,3.08
2952,PbTe,0.19
2953,Tl3VS4,1.76
2954,DyTe1.40,0.6
2955,Rb3ZnB5O10,2.66
2956,Li0.5Pb1.75GeS4,1.95
2959,Mn1.95GdIn1.05S5,1.66
2960,BiI3,2.0
2962,Cs2MgGe3Se8,2.04
2963,Hg0.72Cd0.28Te,0.21
2964,Pb0.98Te0.98Ge0.02S0.02,0.34
2965,CsHo9Cd4Se18,2.06
2966,CuInS2,1.52
2967,TlCl,3.2
2968,La2BaTe5O14,3.81
2969,RbSbSe2,1.62
2970,VO,0.3
2971,Ag2Ga2SiS6,2.35
2972,RbCu2AsS3,1.96
2973,TlBr,2.67
2974,La5Cu6.33O4S7,2.0
2975,Pb0.99Sn0.01Se,0.26
2977,Ba3La3Cu6O14,1.8
2978,BiI3,1.92
2979,Zn4Sb3,1.0
2981,K2Au2Sn2S6,2.3
2982,TaGaS2,3.6
2983,Ba7Sn5S15,2.29
2984,Se3Te,1.87
2985,Al2Se3,3.15
2987,NaLa2TaO6,4.5
2991,AgSbSe2,0.74
2992,Ca3N2,1.55
2993,InAs,0.45
2994,Cu3SmTe3,0.23
2995,KCeSe4,1.54
2996,BaAl4Se7,3.4
2997,K2Bi8Se13,0.59
2998,Sb2Te3,0.24
2999,PbSe,0.35
3000,CuP2,1.51
3001,RbI,5.83
3002,Fe2Te3,0.6
3003,Cd3P2,0.59
3004,NaCdAsS3,2.93
3006,V2O5,2.54
3007,Zn0.55Hg0.45Se,0.8
3008,TlSe,1.3
3009,As2S3,2.36
3011,Rb2Cd3Se4,2.37
3012,SmSe,0.46
3013,InAs,0.36
3014,In0.8As0.8Ga0.2P0.2,0.85
3015,BaS,3.9
3017,Rb2Cd3S4,2.92
3019,CdSc,1.71
3020,CdSnP2,1.4
3021,NaSmP2S6,2.54
3022,CdAs2,1.04
3023,AgGaS2,2.56
3024,PtP2,0.6
3026,PbS,0.29
3028,KSb,0.9
3030,PtSb2,0.07
3031,BaAuI5O15,2.32
3033,Ag2SnSe3,0.7
3034,CdSe,2.27
3035,AgGaO2,2.2
3038,EuS,1.69
3039,AgS,0.85
3040,Pb0.95Se0.95Ge0.05S0.05,0.29
3042,Bi4V2O11,2.0
3044,HgIn2S4,2.0
3046,ErIn3S6,1.28
3047,InAs,0.35
3048,Na2B6O9F2,7.33
3049,GeSe,1.16
3051,K8Zr6Se30,1.91
3052,Sr5V3O12F,4.5
3053,AgFeTe2,0.28
3054,CdS0.65Se0.35,2.13
3055,HgSnO3,1.6
3057,RbCu2VS4,1.45
3058,Pb6B4O13H2,3.24
3059,SnS0.4Se0.6,1.02
3060,InSb,0.17
3061,LaZnAsO,1.5
3062,RuP4,0.38
3063,CaLa2S4,2.7
3064,Sn0.5GaZn4.5O7,3.0
3066,NaBr,7.5
3067,Se0.4Te0.6,0.7
3068,Rb3Bi2I9,1.89
3069,Cd12Ge17B8O58,4.29
3070,Ca2ScSbO6,3.68
3071,CdTe,1.59
3072,Cu1.8S,2.3
3073,LaNbON2,1.7
3075,RbIn5S6,2.5
3077,GaSb,0.77
3078,SnTe,0.36
3079,AlBi,0.4
3080,Rb2AgVS4,1.83
3081,Sm3Al0.33SiS7,2.26
3082,NaInSe2,2.8
3084,AgI,3.01
3085,CdIn2Se4,1.57
3086,TiS2,1.95
3087,Zn0.15Cd0.85Se,2.6
3088,CuCl,3.29
3089,CsLu7S11,1.86
3090,FeP4,0.32
3091,CsSbS2O8,4.68
3092,OsSbSe,0.4
3093,In0.5As0.5Ga0.5P0.5,1.55
3094,ZnTc,2.37
3095,Ba2ZnSe3,2.75
3096,Cu3YSe3,0.88
3097,Ba2GaYSe5,2.31
3100,CdS,2.64
3101,Ce4Te7,0.5
3102,BaSbBS4,2.34
3103,Li2FeGeS4,1.42
3104,Ce3LuSe6,1.1
3105,Ga1.05Sb0.95Te0.15,0.68
3106,CsInTe2,2.16
3107,Ga1.005Sb0.995Se0.015,0.64
3108,TaGaS2,2.53
3109,PrAs,1.0
3110,Li4.5Al0.5TeO6,4.9
3111,K2Cd3Se4,2.36
3113,AgBr,2.52
3114,Ba2Ga8GeS16,3.0
3115,InS,2.07
3116,ZnGeN2,2.9
3117,Ba3Ho2P4S16,3.3
3118,RbCl,8.1
3119,Hg5AsS2I3,1.57
3120,Cd3BiP3O12,3.9
3121,EuH2,1.85
3122,NaNO2,2.99
3123,BaZnOS,3.9
3124,InBi2S4Cl,1.5
3125,TeI,1.1
3126,Rb2PtI6O18,2.4
3127,BiSeI,1.3
3128,Cs1.43Cd1.43Bi2.57S6,1.28
3129,InP2Se4,1.29
3130,PbCl2,4.1
3132,Cs2Ga2S5,3.26
3133,Pb0.75Sn0.25Te,0.04
3134,SnS0.99Se0.01,1.08
3135,Pb3Br2Se2O6,3.73
3136,Ba4Ga2S8,2.55
3137,CuGa0.4In1.6S3.5,1.55
3138,V2O5,2.34
3140,Cu0.3Ga1.7S2.7,2.55
3141,Ru2Si3,0.44
3142,SnBr2,3.4
3143,Li2CdGeS4,3.1
3144,Li2Ga2GeS6,3.65
3145,LiKCO3,6.32
3146,SbSBr,2.21
3147,Cu3DyTe3,0.34
3148,MoSe2,1.6
3150,Hg6.5As4CdCl6,1.86
3151,K2MnSn2Se6,2.0
3152,Ga1.02Sb0.98Se0.06,0.63
3154,CuInCd2Te3,0.7
3155,Tl2TeBr6,2.06
3157,CuNiC4N4,2.7
3158,BaGa2Se4,3.16
3159,Ga0.8Sb0.8Zn0.2Te0.2,1.15
3160,EuDy2Se4,1.8
3161,Tm4Sb2Se11.68,1.22
3162,MoO3,3.75
3163,RbHgSbTe3,0.2
3164,OsPSe,1.4
3165,Li0.2Na0.8AsSe2,1.72
3166,PbTe0.01Se0.99,0.26
3167,Pb0.93Sn0.07Se,0.08
3168,Al2S3,4.1
3170,La4FeSb2Se10,0.85
3171,B6P,3.3
3172,Ba5Ga6GeP12,1.39
3174,Ga0.99Sb0.99Zn0.01Te0.01,0.72
3175,TlCr5S6Se2,0.94
3176,AgScP2Se6,1.55
3177,YbAs,1.02
3178,Sb2Te3,0.22
3179,CdIn2S4,2.2
3180,BiSeBr,1.54
3181,In6Se7,0.64
3182,Ag0.5Eu1.75GeS4,2.14
3183,GaAs0.9P0.1,1.5
3184,ZnIn2Se4,2.0
3185,Na2BaSnSe4,2.46
3188,MoTe2,1.08
3189,Pb6BBrO7,2.84
3190,EuIr4In2Ge4,0.26
3191,Pb0.85Se0.85Ge0.15Te0.15,0.32
3192,Na2ZnGe2S6,3.04
3193,LaCuOS,3.1
3195,Pb3O4,2.12
3196,K2Hg3Ge2S8,2.7
3197,CaSe,5.0
3198,Pb0.8Sn0.2Se,0.06
3199,BiSI,1.58
3200,CsCaBO3,3.93
3201,Ba8Sn4S15,2.31
3202,AgInSe2,1.22
3203,VO2,0.65
3205,Sm2Sn3Se9,0.7
3206,LaSb,0.8
3207,K6CdTe4,2.51
3210,Hg6As4CdBr6,1.94
3212,Ba3CdSn2S8,2.75
3213,AsSb,1.6
3214,InSb,0.24
3216,AgLi0.33Sn0.67O2,2.7
3217,Li2MnGeS4,3.06
3219,K0.8Hg1.2Sn2S8,2.78
3220,Bi1.8Te3Sb0.2,0.15
3221,Cs2Sb,0.62
3222,Nd10OSe14,1.98
3223,KCu2SbS3,1.7
3224,Li6Ga2Te8O22,3.85
3225,Hg7InS6Cl5,2.54
3227,Na2GdP2O8,4.19
3228,Ba3V2Se4O16,2.87
3230,Cu2Te,1.15
3231,GeAs2,1.0
3232,FeAsS,0.06
3234,Cu3VS4,1.0
3235,TaGaS2,2.4
3236,RhAs2,1.15
3237,Ca3BiP3O12,4.2
3238,BeSe,4.0
3239,BaSn2S5,2.35
3240,Pb0.97Se0.97Ge0.03S0.03,0.28
3241,SmSb2BO8,3.54
3242,CsYZnSe3,2.29
3244,GaGeTe,1.1
3245,YbSe,1.5
3246,BaO,4.8
3247,CBr4,3.7
3248,La2O3,5.4
3249,Ga2Se3,1.86
3250,Ag2CdP2S6,2.49
3251,Ga0.01As0.01Zn0.99Se0.99,2.59
3252,K2Cd3S4,2.75
3254,PbSbO2Br,2.67
3255,Ba2InNdSe5,2.2
3257,Rb2HgP2Se6,2.32
3258,KH3Se2O6,5.03
3259,AgBiP2Se6,1.4
3260,Ba2GaDySe5,2.35
3262,SiAs,1.48
3263,Zn0.99S0.99Ga0.01P0.01,3.7
3265,KBaAsSe3,2.26
3266,CsSbSe2,1.7
3268,CdP2S4,3.76
3269,BiSe,0.4
3270,NiC2N2,2.0
3272,OsAsS,1.3
3273,Rb6P3S15,2.3
3274,Er2O3,5.42
3275,RhSe2,0.6
3277,Nd3Te4,1.6
3278,Ge0.7Si0.3,0.88
3279,InSn2As2Se,0.2
3280,NaNbSe2O7,3.8
3282,In0.95As0.95Cd0.05Te0.05,0.68
3284,K6Yb3P5S20,2.6
3286,GeP,0.95
3287,Nd2Sn3Se9,0.5
3288,TlInSe2,1.07
3289,KBiS2,0.92
3290,SmCuOSe,2.6
3292,Ba2AsGaSe5,1.39
3293,Ta0.67Zr1.33O1.89N1.63,2.48
3294,CsDy9Cd4Se18,1.99
3295,InSb0.9As0.1,0.27
3296,AlN,6.2
3297,NdAs,1.04
3298,AgInCd2Te3,0.47
3299,In0.93As0.93Cd0.07Te0.07,0.68
3301,GeS2,3.6
3302,Ga0.01Sb0.01Cd0.99Te0.99,1.35
3303,Mg5B3O9F,5.63
3304,Al2Te3,2.5
3306,CsCeCdSe3,2.4
3307,RuP4,0.64
3309,InN,2.05
3310,LaSi2,0.19
3311,Ge0.06Si0.94,1.06
3312,KSb5S8,1.67
3314,AgI,3.02
3315,Hg0.6Cd0.4Se,0.95
3316,BaLa2In2Se7,1.66
3317,RbSbS2,1.96
3319,La2ZrS5,2.01
3320,MgGeN2,4.4
3321,Bi2Te2.97Se0.03,0.15
3322,Ba2Cu2ThSe5,1.75
3323,BaReH9,3.44
3324,Hg3Te2Bi2Cl8,2.8
3325,Ta1.33Zr0.67O0.12N3.03,1.71
3326,ZnSnAs2,0.74
3327,Bi2O3,2.85
3328,Pb0.8Ge0.2Te,0.4
3329,BiI3,2.03
3330,Pb0.92Sn0.08Te,0.16
3331,BiTeNO6,3.62
3332,MnSi,0.6
3333,K2PdSe10,1.48
3334,CsCuSb2S4,1.7
3335,Li6Fe2Te8O22,1.98
3336,CsAg2TeS6,2.04
3337,KAg11V4O16,2.0
3338,Ce2Se3,1.75
3340,La2MnNiO6,1.4
3341,GaAs0.7P0.3,1.8
3342,Li3PS4,3.68
3343,SrNd2S4,2.45
3344,Hg0.796Cd0.204Te,0.06
3346,HgGa2S4,2.84
3347,TlCr5S3Se5,0.8
3349,HgSe,0.12
3350,CdI2,3.8
3351,GeAs,1.01
3352,Li3Bi,0.7
3354,Rb3Sb2Br9,2.48
3355,SnO2,3.6
3356,LaS1.86Se0.14,2.5
3357,Ag2GeTe3,0.25
3358,Dy4S4Te3,1.43
3359,Ca2CdAs2,0.95
3361,TlAsS2,2.15
3362,P2Se3,2.4
3363,Ga0.8Al0.2P,2.3
3364,H6PtI6O20,2.4
3365,Li2In2SiS6,3.61
3367,SnCl2,3.9
3368,CsInGeS4,2.1
3369,Ba5Ga4Se10,2.2
3370,KSbSe2,1.37
3371,In0.3Ga0.7P,2.2
3372,Rb2Cu2Sn2Se6,1.04
3374,InSb0.6As0.4,0.13
3375,CdBr2,4.47
3376,CsLu7Se11,1.78
3377,Pb0.999Se0.999Sn0.001Se0.001,0.24
3378,Cs3W3PO13,3.27
3379,Lu2O3,5.5
3380,SrZrS3,1.0
3381,RbAg2SbS4,2.3
3382,Cd4Sb3,1.25
3383,Li2B6,2.0
3385,K2ZnTe2,3.0
3386,AgSbTe2,0.35
3387,Pb6B2MoO12,2.9
3388,Eu3P2,1.2
3390,AgGaGe3Se8,2.17
3391,CuAlS2,3.5
3392,Ba3Dy2P4S16,3.28
3393,CuZn2InSe4,1.1
3394,PdSe,0.2
3397,Cu0.05Ga1.95S2.95,2.7
3400,CuInSe2,0.95
3401,NaSbSe2,1.2
3404,Sb5O7I,1.95
3405,HgBrCl,3.4
3406,RbGaSnSe4,1.88
3407,Na3MoO4F,4.77
3410,Na3Sb,1.17
3411,TaGaSe2,2.15
3412,Cu2CdSnS4,1.37
3413,KBr,7.6
3415,PrTe1.9,1.0
3416,Hg3S2Bi2Cl8,3.26
3418,AgInTe2,0.96
3419,TlGaS2,3.4
3420,FeSi2,0.85
3421,Ba2InSmTe5,1.36
3422,SmB6,3.5
3423,Ga0.99In0.01As,1.4
3424,Rb2Sn3Sb2S10,2.33
3425,BiOBr,2.92
3426,Mn11Si19,0.66
3427,HgTe,0.19
3428,Ba4Ga2Se8,1.63
3429,Mg2Ge,1.67
3432,CoSbS,0.5
3433,Pb0.99TeTl0.01,0.59
3435,K3SmAs2S8,2.2
3436,EuAl2O4,2.74
3437,Cr2O3,3.4
3438,LiBr,7.95
3439,K3Ga3Ge7Se20,2.23
3440,Yb4Sb2S11.25,1.71
3441,Ca2Si,1.9
3442,Pb14B2O14Br6,2.62
3443,ReSe2,0.99
3444,DyTe1.45,0.6
3446,SbI3,2.41
3448,Cu0.05Ga1.95Se2.95,1.96
3449,Nd1.33Lu0.67S3,1.5
3450,LaIn3S6,1.03
3451,CsGaSn2Se6,1.87
3452,CsKP2Se8,2.36
3453,MgO,7.83
3454,SnTe,0.33
3455,CuCl,3.27
3456,IrP2,1.1
3458,YbGa2S4,2.3
3459,CuSmSe2,2.1
3460,InSb0.8As0.2,0.21
3462,Cd4P2Cl3,2.17
3463,SrCrO4,2.45
3465,Ag2S,0.87
3466,Ag3AsS3,2.18
3468,AgGaSe2,1.83
3469,AgSbSe2,0.85
3472,CdAs2,1.14
3473,CdGa2Se4,2.43
3474,CdP2,2.02
3477,CdSe,1.83
3478,CdTe,1.65
3480,CuGaSe2,1.6
3481,Dy2S3,3.0
3482,GaN,3.5
3483,GaS,2.52
3484,GaSe,2.13
3487,In4Te3,0.5
3489,InSe,1.27
3490,KI,6.08
3491,Mg3As2,2.55
3492,NaBiSe2,0.32
3493,PbS,0.3
3494,PbTe,0.34
3495,RbI,6.05
3496,Sb2S3,1.63
3497,SnS,1.1
3498,SnSe,0.91
3499,Tl2Te3,0.51
3500,TlCl,3.21
3501,TlSbS2,1.88
3502,Zn3As2,0.86
3503,ZnGeAs2,1.16
3504,ZnO,3.31
3506,Bi4PdSe4O12,2.06
3507,Cd3In2S2Te4,1.23
3508,SbSI,1.99
3509,Pb0.8Se0.8Ge0.2Te0.2,0.36
3510,Ag1.75InSb5.75Se11,0.94
3511,K2Dy2Ti3O10,3.38
3512,ZrS2,2.75
3513,CaTe,4.07
3516,Ir0.67S2,2.0
3517,Pb2MnO4,1.5
3518,GaSe,2.05
3519,SrZnSO,3.1
3520,Ge0.653Si0.347,1.91
3521,InAs,0.46
3522,Cu2Ta4O11,2.6
3523,K4GeS4,0.8
3524,Ge0.6Si0.4,0.9
3525,AsI3,2.54
3526,Mg2Sn,0.28
3527,K2CsSb,1.0
3528,Ho2Mo3O12,1.68
3529,Li4HgGe2S7,2.75
3530,BaGa2GeS6,3.23
3531,InP,1.27
3533,SiB3,2.0
3534,PbTe,0.62
3535,RbI,6.1
3536,KSbS2,1.8
3537,SbSeBr,1.84
3538,As2Se3,1.77
3539,CoSb2,0.17
3540,Hg0.8Cd0.2Se,0.95
3541,Cu2Te,1.02
3542,LiMgN,3.2
3544,Sb2O3,3.2
3546,PbTe,0.31
3547,NaBiS2,0.4
3548,Hg6P6In2Cl9,3.13
3549,GaS,2.62
3550,Sn3WO6,2.49
3551,TlBr,3.02
3553,InSb,0.26
3554,CdSnO3,3.0
3555,Pb0.8Se0.8Sn0.2Te0.2,0.14
3556,CuGaS2,2.42
3557,PrF3,5.3
3558,Ru2Ge3,0.52
3559,SmTe,0.38
3560,CsZn2B3O7,5.69
3561,Ga0.9Sb0.9Cd0.1Te0.1,0.78
3562,NH7Se2O6,4.81
3563,TlBr,3.24
3564,KPSe6,2.16
3565,ZnS,3.76
3566,Ga0.85Al0.15As,1.6
3567,GaAs,1.43
3568,Ga0.05P0.05Zn0.95Se0.95,2.4
3569,KFeCuTe2,1.06
3570,AsBr3,2.6
3571,Zn0.5Hg0.5Se,0.6
3573,Bi2S3,1.3
3574,TlBr,3.1
3575,ReS2,1.0
3576,CdMoSb4O10,3.4
3577,PbCl2,3.94
3579,As2O3,4.0
3580,InSb,0.16
3581,Na2BaGeS4,3.7
3582,Ba2GaDyTe5,1.13
3583,NaB15,0.32
3585,Bi2Te2.97Se0.03,0.16
3586,AgBiS2,0.9
3587,SnGa2GeS6,2.04
3589,NiTe,0.23
3591,Pr2YbCuS5,1.25
3592,KInSnS4,2.3
3595,La2O2MnSe2,1.6
3597,RbTbSe2,2.5
3598,Zn0.5Cd0.5Se,2.9
3599,Na2Ge2Se5,2.38
3600,PbCrO4,2.25
3601,Ag0.5Pb1.75GeS4,1.83
3602,CsEr9Cd4Se18,2.09
3603,CdCl2,5.8
3604,ReS2,1.1
3605,Cu3TaS4,3.0
3606,Pb0.99Sn0.01Se,0.17
3608,AgCd3PS6,2.56
3609,Cu3YTe3,0.72
3610,TlInSe2,1.19
3611,Bi2Te2.7Se0.3,0.21
3612,CuGaTe2,1.18
3614,Tl2PrInSe4,0.93
3615,Gd2ZrS5,1.88
3616,Pr2S3,2.68
3617,PbBiO2Br,2.47
3618,YbS,1.1
3619,K6Cd4Sn3Se13,2.33
3620,Pb0.75Ge0.25Te,0.44
3621,CdSb,0.47
3622,BeTe,2.89
3623,Pb0.96TeGa0.04,0.37
3626,LiH3Se2O6,4.9
3627,BaLa2In2S7,1.87
3628,Li3Cs2B5O10,7.3
3629,TlScS2,1.51
3630,InSe,1.36
3633,K2Ge4Se8,1.8
3635,ZnGeN2,3.2
3636,KAsSe2,1.62
3637,GaN,3.3
3638,Cu2Te,1.04
3639,Dy2Mo3O12,1.92
3640,Li2PtO3,2.3
3642,Si2Te3,2.0
3643,Eu2SnSe5,1.07
3644,Ba6Sn6Se13,1.52
3645,As2S6,2.35
3649,Cs3Sb2I9,1.89
3651,Ag0.5Pb1.75GeSe4,1.51
3652,Pr2S3,2.6
3653,Sr2V3Se5O18,2.47
3654,InSe,1.19
3655,Nd2HfS5,0.7
3656,Nb6VSb3O25,3.2
3657,TeSe3,1.4
3659,Sn2BiSI5,1.32
3660,Ag3SbS3,1.77
3661,TlS,1.36
3663,GaSb,0.81
3665,PtSb2,0.4
3666,AgGaGeS4,3.0
3669,InS,1.9
3673,InSb,0.24
3674,KBiS2,0.86
3675,Cs4In8GeSe16,2.2
3676,Tl6CuTe2O10,2.3
3677,InPS4,3.12
3678,BaCuTeF,2.3
3679,Ge0.2Si0.8,1.1
3680,Ba5In4Te4S7,2.13
3681,CsMn4In5Se12,1.79
3682,CuInSe2,0.95
3683,PbN6,2.98
3684,LiSbS2,1.36
3685,GeS,1.61
3686,AlSb,1.69
3687,Be3N2,3.8
3688,AlSb,1.7
3689,Cs39Cl6Ga53Se96,2.74
3690,Zn0.43Cd0.57Se,2.9
3691,Ag2SnS3,1.26
3692,AlP,2.42
3694,Cs3Bi2I9,1.8
3696,PbS,0.29
3699,Cu3SbS4,0.8
3701,CuYO2,3.5
3704,CdS,2.4
3705,Zn0.65Hg0.35Se,1.0
3707,V2O5,2.49
3708,NaF,10.5
3710,VTeO5H,2.51
3711,CdAs2,1.2
3713,CsI,6.3
3714,Yb2O3,5.22
3715,Ba2InCeTe5,1.35
3716,CdTe,1.43
3717,In0.2As0.2Ga0.8P0.8,2.15
3719,PbCuSbS3,1.31
3720,Ba2CdB6O12,4.59
3721,Sn2BiS2I3,1.22
3722,GeSe,1.18
3723,As2Te3,1.68
3725,GaN,3.6
3727,GaSb,0.72
3729,PbSe,0.28
3730,Ag2VI3O11,2.16
3731,GaN,3.49
3732,LiSbSe2,0.68
3733,InSb,0.18
3734,Cs2ZnSn3Se8,2.12
3735,Zn4Sb3,1.2
3737,Eu2Ga2GeS7,2.3
3739,AlP,2.52
3740,La2Sr2PtO7.13,2.52
3741,KCu3S2,1.46
3744,SnGe,0.8
3745,Hg0.9Cd0.1Se,1.5
3746,Cu2O,2.67
3747,CdCuSe2O6,3.33
3748,PbTe,0.31
3749,AgP15,1.47
3750,SmSb,0.59
3751,IrAs2,1.0
3752,PbTe0.5Se0.5,0.29
3753,KScSe2O6,5.4
3754,CdGeP2,1.8
3755,Cu2Ta4O11,2.7
3756,ReS2,1.33
3757,Pr4InSbSe9,1.89
3758,Cd0.6Te0.6Al0.4Sb0.4,1.8
3759,Cu2Ta11O30,2.59
3760,Tl2TeI6,1.5
3761,La10OSe14,2.04
3762,NaNO2,3.1
3765,Bi2Mo3O12,2.9
3766,Se0.2Te0.8,0.4
3767,Ga0.2Al0.8P,2.43
3768,Ag3SbS3,2.17
3769,InSb0.2As0.8,0.12
3770,ZnSe,2.81
3771,MnAl3,0.58
3772,InN,2.11
3773,TaGaS2,2.54
3774,CuBr,2.99
3775,MgSe,5.6
3777,BaTeMo2O9,3.12
3778,Mg3N2,2.8
3779,Ba2InSbSe5,1.92
3782,Cs2PtI6O18,2.4
3783,BiSI,1.64
3784,EuCu2SnS4,1.85
3785,GaSe,2.16
3786,Na2BaGeSe4,2.25
3787,ZnS,3.54
3788,Sr3GeSb2Se8,0.75
3789,K2Ho4Cu4S9,2.43
3790,La2CoTiO6,1.02
3791,In0.8Al0.2P,1.7
3792,Zn3As2,1.11
3794,Ga0.1P0.1Zn0.9Se0.9,2.3
3795,LiBi4Nb3O12,3.0
3796,K3Ga3Ge7S20,3.25
3798,TlCl,3.2
3799,TcS2,1.0
3800,SnO,3.0
3801,GaTe,1.52
3802,GaAs0.75Sb0.25,0.65
3803,BaIr2Ge4Se6,1.33
3804,KInTe2O6,4.0
3806,Mg2Sn,0.18
3808,Ga1.001Sb0.999Te0.003,0.72
3811,Gd6Ge2.5S14,2.2
3812,KZrPSe6,2.0
3814,Ag3SbS3,2.2
3815,MnTe,1.25
3817,Ag3AsS3,1.86
3820,AgGaSe2,1.8
3822,AlP,2.5
3823,AlP,3.63
3824,As2S3,2.2
3826,As2S3,2.43
3827,Bi0.6Te3Sb1.4,0.2
3828,CdAs2,0.89
3829,CdGa2Se4,2.27
3830,CdGa2Se4,2.5
3831,CdP2,2.11
3832,CdS,2.57
3833,CdSb,0.49
3835,CdSe,2.18
3837,CdTe,1.49
3838,CdTe,1.52
3839,CuFeS2,0.53
3840,CuGaSe2,1.63
3841,Dy2S3,2.91
3842,GaAs,1.52
3843,GaAs,1.42
3846,GaAs,1.43
3847,GaN,3.8
3849,GaS,2.53
3850,GaSe,1.97
3851,GaSe,2.09
3853,GaTe,1.8
3854,GeSe,1.17
3855,GeSe2,2.36
3856,In4Te3,0.57
3857,InAs,0.36
3858,InAs,0.41
3859,InAs,0.4
3860,InAs,0.41
3861,InSe,1.18
3862,InSe,1.2
3863,InSe,1.32
3864,InSe,1.35
3865,KI,6.38
3866,Mg3As2,2.6
3867,NaBiSe2,0.28
3868,PbS,0.31
3869,PbS,0.29
3870,PbTe,0.19
3871,RbI,6.36
3873,Sb2S3,1.72
3874,Sb2S3,1.71
3875,SnS,1.2
3876,SnS,1.18
3878,Tl2Te3,0.48
3879,Tl2Te3,0.7
3880,TlCl,3.5
3881,TlSbS2,1.54
3882,Zn3As2,1.09
3883,Zn3As2,0.98
3885,ZnO,3.35
3886,ZnS,3.87
3887,ZnS,3.6
3888,ZnSe,2.67
3889,ZnSnP2,1.3
3890,ZnTe,2.39
3891,ZnTe,2.25
3892,ZnTe,2.29
3893,ZnSe,2.76
3894,ZnSnP2,1.66
3895,ZnTe,2.4
3896,AgCNO.65,0.0
3897,Al13Ru4,0.0
3899,HoMg2,0.0
3900,UAl4,0.0
3903,NaZr2TiF11.12,0.0
3904,ScRh,0.0
3906,Li3VOF5.1,0.0
3907,Ti2ZnS4,0.0
3908,KV6O11,0.0
3909,ErMg2,0.0
3910,CsAs2Ru2,0.0
3911,In2Pt,0.0
3912,Rh3Pb,0.0
3914,Si2SbO6,0.0
3915,ReBiO3,0.0
3916,MgSc,0.0
3917,Cu10Sb3,0.0
3918,Ce2Ti2O7,0.0
3920,Re3P4,0.0
3921,TiPO4,0.0
3922,SrCd,0.0
3923,NbOsPb,0.0
3924,ZrGeRu,0.0
3925,Y2Ru2O7,0.0
3926,La2Rh7,0.0
3927,Hf4Al3,0.0
3928,Dy2TlCd,0.0
3929,SrNi5As3,0.0
3930,Cr2SbTe,0.0
3931,DyNiSn,0.0
3932,Zn2SnN2,0.0
3934,Dy5Sn3,0.0
3935,Yb2MgS4,0.0
3936,Mg2RhAu,0.0
3938,NdAu3,0.0
3940,Tl16O15F17,0.0
3941,DySi2Cu2,0.0
3942,Ga5Pd13,0.0
3943,CeTl3,0.0
3944,Ni3S4,0.0
3945,Sr2MgReO6.225,0.0
3946,NaLu(Pd3O4)2.200,0.0
3947,Na2Tl,0.0
3948,Tc3Pd,0.0
3949,Ce3Ta(ClO2)3.176,0.0
3950,BaAlCu4O7.186,0.0
3951,CrSiCu2,0.0
3952,Nd4MgRu,0.0
3953,Hf5CuPb3,0.0
3954,Lu2Mn12P7,0.0
3955,DyBiPt,0.0
3956,CrNiAs,0.0
3957,ZrMo3,0.0
3958,Cu4Pd,0.0
3959,Li2Ga,0.0
3960,La3B2N4,0.0
3962,Au3S,0.0
3963,RbCd13,0.0
3964,TbBa2IrO6.225,0.0
3965,Cu9O13,0.0
3967,SrV13O18,0.0
3968,NaNi2O3,0.0
3969,Th2CrN3,0.0
3972,Mg17Al11Pd,0.0
3973,EuZn,0.0
3974,ReRuOs,0.0
3975,Y2Ge5Ir3,0.0
3976,Zr3Ir,0.0
3977,Li4Cu(PO4)2.7,0.0
3979,Ni2Mo3N,0.0
3981,NaSi2Pd3,0.0
3982,Y3Ge4,0.0
3983,Mg2AgIr,0.0
3984,ThAl,0.0
3986,Sc2GaIr,0.0
3987,GdInIr,0.0
3989,LiGaAg2,0.0
3990,YbH3O3,0.0
3991,ThPSe,0.0
3992,SmAg,0.0
3993,Cr10Sb3Te7,0.0
3994,ZrAl5Ni2,0.0
3995,ZrPd3,0.0
3996,Te2Au,0.0
3997,Sm6Br13,0.0
3998,Ba5Ge3,0.0
3999,La2Si5Rh3,0.0
4000,Nd2IrPd,0.0
4001,Ag7NO11,0.0
4003,Nd3Ge5,0.0
4004,ReIr3,0.0
4006,MgAs4Rh6,0.0
4007,CeSbO3,0.0
4008,NdCo2Si2,0.0
4010,Rb3Mn,0.0
4011,Ba5Al2Ge7,0.0
4012,LiThAu2,0.0
4013,Sn5B2Rh6,0.0
4014,Tl2CdTe4,0.0
4015,EuCsF3,0.0
4016,YbNd3,0.0
4018,Ag3RuO4,0.0
4019,LiAlRh2,0.0
4020,LaAl4,0.0
4021,PrMo3,0.0
4024,YCu3(WO3)4.2,0.0
4025,La5SmS8,0.0
4027,USi2Ni2,0.0
4028,RbMnTe2,0.0
4029,MnSbPd,0.0
4030,Ti13S24,0.0
4031,Sm2CuAs3O.62,0.0
4034,Al2Cu3Se6,0.0
4035,Sm2Pd2Pb,0.0
4036,CaZn3,0.0
4037,U2AlCo3,0.0
4038,LiSn4Ir,0.0
4039,PmSnRh2,0.0
4040,HfSiPt,0.0
4041,ScSi3Ni,0.0
4042,YHg2,0.0
4043,Ag9Ge2IO8.12,0.0
4044,U2Al3C4,0.0
4045,Li2Ni2SbO6.64,0.0
4046,Th2In,0.0
4050,Ca3Sn2S7,0.0
4051,VCu3(PO4)4.6,0.0
4052,RbU2SbS8.8,0.0
4053,YMgGa,0.0
4054,Ni3Ge,0.0
4055,Ca6Cu2Sn7,0.0
4058,YSi2Ru2,0.0
4059,LaIn,0.0
4060,Re3F,0.0
4061,NdAgPb,0.0
4062,Sr2ZnReO6.87,0.0
4063,Mn3Cr3(TeO8)2.8,0.0
4066,CaVO2,0.0
4067,ICl2,0.0
4068,Ba3Te,0.0
4069,NdSi2Ir2,0.0
4070,MnTcOs,0.0
4072,Zn3Cu,0.0
4075,Nd3Ni13B2,0.0
4076,InPt,0.0
4078,CaTiO2,0.0
4079,NaLi3,0.0
4080,VTc,0.0
4082,LiMnP2O7.11,0.0
4084,YZn5,0.0
4085,Li4FeNi3O8.2,0.0
4087,TiFe2Sb,0.0
4088,EuMg2Bi2,0.0
4091,Rb2FeI4,0.0
4092,Ba3ZrRu2O9.194,0.0
4093,Gd3Al2Ni6,0.0
4094,LaAl12O19,0.0
4096,Na2Ti2Sb2O.139,0.0
4097,LiCa2Mg,0.0
4099,BaMnO3,0.0
4100,YDyAg2,0.0
4101,ReSn3,0.0
4102,Cu25Se26,0.0
4104,HoCu4Pd,0.0
4105,CsIrO3,0.0
4106,Cs2Mo15S19,0.0
4108,Mn5Ge2,0.0
4110,Fe2O2F3,0.0
4111,La2Ni5B4,0.0
4112,LaIn2Ir,0.0
4113,Cs5Mo21Se23,0.0
4114,Ti4ZnO8,0.0
4116,Tl5Te3,0.0
4119,ZnSb3,0.0
4120,GaFeNi2,0.0
4122,ErCu2Ge2,0.0
4124,V12P7,0.0
4125,LiMnO2,0.0
4126,Dy12Co7,0.0
4127,Sc5Pb3,0.0
4128,LiCu2Ge,0.0
4129,Cu3Se2(ClO3)2.12,0.0
4130,SmHoZn2,0.0
4131,LiCu3O3,0.0
4132,BaAs2Pd2,0.0
4134,CeInIr,0.0
4135,Dy2CuOs,0.0
4136,Y2C3,0.0
4137,NaZrCuTe3.62,0.0
4138,HoMgAu2,0.0
4140,CuCN2,0.0
4141,La4In5S13,0.0
4142,YB2C,0.0
4143,PW5O17,0.0
4144,RbC8,0.0
4145,YErRh2,0.0
4146,MnP2,0.0
4149,FeSn,0.0
4150,Nb3Te,0.0
4152,MgSbF6,0.0
4153,Li2Ni3O6,0.0
4156,AgAu2S2,0.0
4157,ThRu3C,0.0
4159,Na2VCuF7.62,0.0
4160,NaTi5Se8,0.0
4161,Yb3Tc,0.0
4162,Cr2GeC,0.0
4164,Ca3Au4,0.0
4165,ZnIrO3,0.0
4166,HoCdCu4,0.0
4167,MgInAg2,0.0
4169,Lu2TlCd,0.0
4171,Na2SO4,0.0
4172,Al6Ru,0.0
4173,DyIr2,0.0
4174,Nb3Bi,0.0
4175,Mn3Al10,0.0
4176,ScCu2,0.0
4179,CaTi4O8,0.0
4182,NdSb,0.0
4183,Sm4U4O17,0.0
4185,LiSnAu,0.0
4187,CoAsRh,0.0
4188,Sm2AgRu,0.0
4189,MnCu2Sn,0.0
4190,K3UF3,0.0
4191,Sm2AlCd,0.0
4192,Na2Cr7O14,0.0
4193,TlSn,0.0
4195,TlCoBi,0.0
4196,UAl3,0.0
4197,Er2Ga9Co3,0.0
4199,FeP,0.0
4200,La2Pr2O7,0.0
4201,V2TcRu,0.0
4202,NdRe4Si2,0.0
4203,CaAg2Ge2,0.0
4204,HfCo2Si2,0.0
4205,LaSi2Ru,0.0
4206,Rb3Sm,0.0
4207,Si2Ni6B,0.0
4208,LiTlPd2,0.0
4209,Ga2NiS4,0.0
4210,CsTiCl3,0.0
4211,ZrNi4P2,0.0
4212,FeAg3(CN)6.162,0.0
4213,Bi2O5,0.0
4215,Ce2SiSeO4.57,0.0
4216,PrFeGe2,0.0
4219,Tm2In,0.0
4221,Sm3Al,0.0
4222,TmAu,0.0
4223,Sc2Al3Ru,0.0
4224,U3Se4,0.0
4225,Ce5Si3,0.0
4226,Pm2LiGa,0.0
4227,SmBPd3,0.0
4228,Mg5Ti13O30,0.0
4229,ZrSiTe,0.0
4230,HoNiGe,0.0
4231,LuSiIr,0.0
4232,KRuO4,0.0
4233,KAgF3,0.0
4234,Al9Ir2,0.0
4235,ZrRh,0.0
4237,Ba2LiFe2N3.15,0.0
4238,Hf3Ni4Ge4,0.0
4239,Na3In2Au,0.0
4240,La2In,0.0
4241,P2H12N7Cl.2,0.0
4242,Nd3Ge2Ru2,0.0
4243,Ho4Ga16Co3,0.0
4244,Ta22Cu3S36,0.0
4245,Ti3PO7,0.0
4246,Te3MoWS.156,0.0
4247,TaF3,0.0
4248,YbSn2Pd,0.0
4249,LiLu2Ru,0.0
4250,Nb4Co2PdSe12.12,0.0
4251,Mg3Mn2Al18,0.0
4252,Pr2Ir2O7,0.0
4253,Li8PrO6,0.0
4254,DyInAu,0.0
4255,Yb2SrS4,0.0
4257,Na2In5Au6,0.0
4258,CeCo2As2,0.0
4259,EuPPt,0.0
4260,Co5Ge7,0.0
4261,HoMn6Sn6,0.0
4262,Li17Ti20O40,0.0
4265,SiHg3,0.0
4266,CdPt,0.0
4267,HoBi2O6,0.0
4268,PmCdPd2,0.0
4269,Tm2ZnGa,0.0
4270,Al2CoIr,0.0
4271,MgCo2(PO5)2.70,0.0
4272,Sn3P3O13,0.0
4274,BaZn5,0.0
4275,Ge5Te8As2,0.0
4276,Hf3Sb,0.0
4277,Hf2Al3C4,0.0
4279,Zn3N2,0.0
4280,Ba2Ce2O5,0.0
4281,LiAl2Tc,0.0
4283,LuUO3,0.0
4284,U2Zn17,0.0
4287,Ba2Cu5F14,0.0
4288,Sr2Cu(ClO)2.139,0.0
4289,YbLaZn2,0.0
4290,ZrNiGe,0.0
4292,DyGe2Ru2,0.0
4293,Mg2PdAu,0.0
4294,BaNi2P4,0.0
4295,RbNa2NiO2.139,0.0
4296,HoMgZn2,0.0
4297,Ba4Si20Au3,0.0
4299,Hf2S,0.0
4301,MgCuSn,0.0
4302,YbIn4Ni,0.0
4303,Sm2IrPd,0.0
4305,MgFe4O8,0.0
4307,ThSi2Ru2,0.0
4308,USeS,0.0
4309,Er2C3,0.0
4310,Pr3Al4Si6,0.0
4311,TmBRh3,0.0
4313,DySn3,0.0
4314,EuSbO3,0.0
4315,Tm3Ge4Pd4,0.0
4316,Li3Ni(SbO3)4.1,0.0
4317,DyFeSi,0.0
4320,NdCo2Ge2,0.0
4321,Lu2Al3Co,0.0
4323,CoMoP2,0.0
4324,Ce5CuSe8,0.0
4325,TbCo2B2,0.0
4326,ErRu3,0.0
4327,Al2Ru,0.0
4328,MnCdO2,0.0
4329,Rb3Ga,0.0
4330,U3Ni3Sn4,0.0
4331,TbAl8Fe4,0.0
4332,LuCdAg2,0.0
4333,Cr7C3,0.0
4334,BePd3,0.0
4336,LuBPd3,0.0
4337,Ca5Ir,0.0
4338,Ho2Au,0.0
4340,Th6Mg23,0.0
4341,Ca3Ga2Pt2,0.0
4342,PrGaAu2,0.0
4344,Mo3Pd2N,0.0
4345,Y2AlZn,0.0
4347,Na3W4O12,0.0
4348,Al9Rh2,0.0
4349,PH2NO2.67,0.0
4350,Li6Mn5FeO12.12,0.0
4351,CoH2(SN)4.14,0.0
4352,Ba3PN,0.0
4353,Zr5Al3C,0.0
4354,Li3Mn3WO8.166,0.0
4355,LiFe2(SiO4)2.1,0.0
4356,Sc6Te2Os,0.0
4357,NaBi3,0.0
4358,TmCu2S2,0.0
4359,Ce2Al2Co15,0.0
4360,LaSi2Ru2,0.0
4362,Ba3Co10O17,0.0
4363,LuScRh2,0.0
4364,LaBPt3,0.0
4366,Be12Pt,0.0
4367,LaZnAu2,0.0
4368,CsScBr3,0.0
4369,ErSiPd,0.0
4371,Hg2Rh,0.0
4372,Eu2BaMn2O7.63,0.0
4373,Mg2GeB2Rh5.127,0.0
4374,KHg11,0.0
4375,NdSmHg2,0.0
4376,PrInAu2,0.0
4378,CdRhF6,0.0
4380,Tb3Ge5,0.0
4381,Yb2HgPb,0.0
4382,YSi2Cu2,0.0
4384,MgIn3,0.0
4385,CeMg2Ag,0.0
4386,KNb2Se,0.0
4387,Fe4O7F,0.0
4388,EuCu9Sn4,0.0
4389,La2CuO4,0.0
4390,CaCo4S8,0.0
4391,MnCoSi,0.0
4393,Al10V,0.0
4394,EuPd,0.0
4395,YbMn2As2,0.0
4396,Ni23B6,0.0
4397,Gd2AlCo2,0.0
4399,YbI3O9,0.0
4400,BiAs2Os,0.0
4401,Yb4Ba3O9,0.0
4402,ZnFe2N2,0.0
4403,Zr6NiCl15,0.0
4404,Er5Si3,0.0
4405,Hg2Sb2O7,0.0
4406,Co5RuO8,0.0
4407,ScGe2,0.0
4408,Li3Si3Ag2,0.0
4409,Dy4CdRh,0.0
4410,BeGaRh2,0.0
4411,Ba3NaIrO6.167,0.0
4413,Mg3Rh,0.0
4414,Sr3Sn4Ir4,0.0
4415,TiMn2Ge,0.0
4417,Pm2LiAl,0.0
4418,Hf2Fe,0.0
4419,Cr3Ni(PO4)6.146,0.0
4420,PrAu,0.0
4421,TmMgAg2,0.0
4422,Ho5Ge10Rh4,0.0
4423,SrNi2(PO4)2.2,0.0
4425,CeB2Ir3,0.0
4426,Hf6PbO18,0.0
4427,LiLa2IrO6.14,0.0
4428,FeCo2Si,0.0
4429,Ca2CdPb,0.0
4430,YAlGe,0.0
4432,YbBO3,0.0
4435,UGeRh,0.0
4436,MgTi11O20,0.0
4438,TmAu2,0.0
4439,YbSi2Ni,0.0
4440,HoSb2,0.0
4441,AlFe2Si,0.0
4443,Li7Mo12S16,0.0
4446,Li2Fe3NiO8.160,0.0
4447,Tb2Ti3Ge4,0.0
4449,Hf5Te4,0.0
4451,Ge3Sb,0.0
4452,SmSb2,0.0
4453,Dy12C6I17,0.0
4454,Ti2TcNi,0.0
4455,TbP,0.0
4458,Mg3Al9FeSi5.189,0.0
4459,Co3H,0.0
4460,Tb3Mn2C6,0.0
4461,U11O5,0.0
4462,ThMn2Ge2,0.0
4463,TaNiB2,0.0
4464,TmBPd3,0.0
4465,Ti2Cd,0.0
4466,Ba3Al2Ge2,0.0
4468,Ti11O18,0.0
4469,Tb2AlCo2,0.0
4470,Zn2Sb3O8,0.0
4471,YH2,0.0
4472,Nb3In,0.0
4474,LaAl4Co,0.0
4475,Ba3N2,0.0
4477,Yb11Ni60C6,0.0
4478,NaAsO3,0.0
4479,Li3Cu4NiO8.12,0.0
4480,TbSnAu,0.0
4481,USbSe,0.0
4482,LiMnSiO4.63,0.0
4483,RbTiBr3,0.0
4485,Te2Pd3Pb2,0.0
4486,Li4Fe3NiO8.166,0.0
4487,Hf2MnIr,0.0
4488,ZrW2,0.0
4489,Ti3Cu3O,0.0
4490,La2Sn5Rh3,0.0
4491,Mn2GaW,0.0
4492,CaZn5,0.0
4493,Ag2P2PbO7.2,0.0
4494,RbHg3,0.0
4495,Li23Mn20As20,0.0
4497,Hf5Sn4,0.0
4498,Li3Ni2(GeO4)3.230,0.0
4499,Fe6O7F5,0.0
4500,HoB2Rh3,0.0
4501,LiSn(PO3)4.15,0.0
4502,Ti4O5,0.0
4504,PrIn,0.0
4505,YNi4B,0.0
4506,LiZn(Fe5O8)2.160,0.0
4508,Ba2ReNiO6.225,0.0
4509,SmTh3,0.0
4513,Ho3Ge5,0.0
4514,HfFe2,0.0
4515,LuAl2Pd5,0.0
4517,Li2CuF6,0.0
4519,Zn8Ag5,0.0
4520,Cu3Bi4I16,0.0
4523,YbAl3,0.0
4524,Lu2CdAg,0.0
4526,LaP3,0.0
4528,U2Re2C3,0.0
4529,Na5Fe6(SiO3)12.5,0.0
4531,TbNiGe2,0.0
4532,V2Sb(PO4)3.167,0.0
4533,ErPbAu,0.0
4535,Ca3BiSb,0.0
4536,CsWCl6,0.0
4537,TiGaIr2,0.0
4538,HoB4,0.0
4539,LiTm2Ru,0.0
4541,Tm3GaC,0.0
4542,Nd4O3F7,0.0
4543,LiCa2Ga,0.0
4544,LaFe4As12,0.0
4546,CaB2C2,0.0
4547,YSi2Pt2,0.0
4548,Sc2FeB2Ir5.127,0.0
4549,U3Bi4,0.0
4550,EuSnO3,0.0
4551,EuMn2Ge2,0.0
4552,EuNi12B6,0.0
4553,NdErTl2,0.0
4555,LiAlGe,0.0
4556,ZrHCl,0.0
4559,Nb2Sb,0.0
4560,Ba2LaIrO6.12,0.0
4562,Fe10O9F11,0.0
4563,YbAl2Ge2,0.0
4564,TmSb,0.0
4565,TiV4CuO12.5,0.0
4566,RbTmO3,0.0
4567,Ce8U2O21,0.0
4569,Li2Fe3NiO8.212,0.0
4570,ZnCrO2,0.0
4571,Li2Ti3FeO8.160,0.0
4572,Sc3BPb,0.0
4573,TaCoSn2,0.0
4574,TiTc2Sb,0.0
4575,Li3V12O29,0.0
4577,Na8PO3,0.0
4578,BeFe2Si,0.0
4579,CuP2(HO3)2.14,0.0
4580,U2Ti,0.0
4581,DyAgHg2,0.0
4582,Al4Cu2O7,0.0
4583,CeSI,0.0
4584,BaMn4ZnO8.162,0.0
4585,Ce2Fe17,0.0
4586,HoTiO3,0.0
4587,Zr3Al4C6,0.0
4588,Li7Ni11O22,0.0
4589,Cr2HgSe4,0.0
4590,Ho5Si4,0.0
4591,CeCo4B4,0.0
4592,Li2LaTl,0.0
4593,TbNiO3,0.0
4598,CaCu5,0.0
4600,ThSi2Ru3,0.0
4601,Zr3Hg,0.0
4602,Ga9Rh2,0.0
4603,CaInAu,0.0
4605,UCoSi,0.0
4606,DyBiPd,0.0
4607,LaIn4Au2,0.0
4608,LiAl3,0.0
4609,EuZn2Ge2,0.0
4610,VAg(PSe3)2.5,0.0
4611,Y2Fe2Si2C.12,0.0
4612,La3ZrSb5,0.0
4613,Sr2GeN2,0.0
4614,VFeRu2,0.0
4615,U4N7,0.0
4616,Al6Fe,0.0
4617,Cs2SeClF6.225,0.0
4618,Hf5Si4,0.0
4619,MnCo4O8,0.0
4620,LiMg2Ag,0.0
4622,Na2LiTa,0.0
4623,CaNi5,0.0
4624,Yb23Mg4Cu7,0.0
4625,CdAg,0.0
4626,PrGeAu,0.0
4628,LaHg,0.0
4629,V3Si,0.0
4630,ScAlNi2,0.0
4631,Sm3Zr,0.0
4632,ZnWO2,0.0
4633,Zr2HBr2,0.0
4634,InPt3C,0.0
4635,BaLa2CoS5.140,0.0
4637,Ta6Ni16Ge7,0.0
4639,Rb2NaVF6.225,0.0
4640,Hf54Os17,0.0
4641,Rb4Si2CuO7.2,0.0
4642,HoCd,0.0
4643,Cd2PbO4,0.0
4644,SrSbAu,0.0
4645,Na3Re,0.0
4646,Mg4Sc3(SiO3)8.3,0.0
4647,Li5Co2O2F5.139,0.0
4649,NaFe2(SiO3)4.5,0.0
4650,BeCu,0.0
4651,PrSm3,0.0
4652,YbZnAu2,0.0
4654,HgPt3,0.0
4655,Yb2InPd2,0.0
4656,Li11Mn13O32,0.0
4657,YScO2,0.0
4658,Sb2XeF14,0.0
4659,LiNiP2O7.15,0.0
4662,VP,0.0
4664,RbPdF3,0.0
4665,DyInCu2,0.0
4666,Zr5Sb3,0.0
4667,La2PdO4,0.0
4669,TiAl,0.0
4671,Er2Mg3Ru,0.0
4672,YbTlS2,0.0
4673,Li2Fe3SnO8.4,0.0
4674,NdFeSi2,0.0
4676,Dy2MgTl,0.0
4677,YbCaInSe4.62,0.0
4678,PrCo2Ge2,0.0
4679,Sm2IO2,0.0
4680,NdMg2Ni9,0.0
4681,TbCu5,0.0
4682,YAgO3,0.0
4683,Be2HgTe,0.0
4685,CsInI3,0.0
4686,Tl3Cr,0.0
4687,ZrSi2,0.0
4688,Zn2Ni9O13,0.0
4690,Pr5In11Ni6,0.0
4691,Li8Ti16CuS32.1,0.0
4692,NdMg2,0.0
4693,La3Ge3Br2,0.0
4695,Li2Si4Ni5O14.2,0.0
4696,HoCo3,0.0
4699,Al4Cu9,0.0
4700,LiGaAu2,0.0
4701,Zn2BIr2,0.0
4702,TmCu4Ag,0.0
4703,BaSi,0.0
4704,Mg2CrN2,0.0
4706,Eu2CaO3,0.0
4707,TmMg2Sc,0.0
4709,Sm5Br11,0.0
4710,Hf3P,0.0
4711,Ti2C,0.0
4712,NaHg,0.0
4714,UFeSi,0.0
4715,ErAl20Cr2,0.0
4716,Ba6In2NF.225,0.0
4717,U4S3,0.0
4720,NiI,0.0
4721,Pm3I,0.0
4722,Pm2IrRh,0.0
4723,TmCoSi2,0.0
4724,SbPd3,0.0
4725,Yb2Ce8O19,0.0
4727,Ho3Ni19B10,0.0
4729,Ni2Ge,0.0
4731,YCo2,0.0
4732,Li7Ti5O12,0.0
4733,RbCuPdF5.62,0.0
4734,BaTl3,0.0
4735,SmSnRh2,0.0
4736,EuCuSeO.129,0.0
4737,NdSbPd,0.0
4738,YbH2ClO2.11,0.0
4739,U4Re7Si6,0.0
4740,MgTi4S8,0.0
4741,TaGaPt,0.0
4742,SmCuO3,0.0
4743,CoPbO3,0.0
4745,Pd16S7,0.0
4746,HoSi,0.0
4747,TaPt3,0.0
4748,Si4Cu5O14,0.0
4749,CdPd,0.0
4750,Tm2ZnOs,0.0
4751,SmCdHg2,0.0
4752,CaZn3Ni2,0.0
4753,Pm2LiSi,0.0
4755,Eu2ReO5,0.0
4757,HfGaCo2,0.0
4758,BaNb4O6,0.0
4759,DyGe,0.0
4760,DyRh,0.0
4761,Ti2BRh6,0.0
4762,Ba8Ta7O24,0.0
4763,RbF3,0.0
4764,TmAlCu,0.0
4765,FeRhO3,0.0
4766,NbGaCo2,0.0
4767,CaHg2,0.0
4768,PmCd3,0.0
4769,Ti2CoS4,0.0
4770,Mg3Ge,0.0
4771,K3LiNb6O15.7,0.0
4772,Ba2FeReO6.225,0.0
4773,UAl8Fe4,0.0
4774,LiCu3F7,0.0
4775,Bi2Pt,0.0
4776,LiV2NiO6.15,0.0
4777,Si2Ru,0.0
4778,Fe3B,0.0
4779,SnSb3(PO4)4.6,0.0
4780,CsMnSb,0.0
4781,VZnRu2,0.0
4783,La3AlN,0.0
4784,Pr3I,0.0
4786,Dy3Cu4Ge4,0.0
4787,Sr5Bi3,0.0
4788,AlNi2,0.0
4789,MgV4O6,0.0
4791,YbLi2Pb,0.0
4792,Pr2InPd2,0.0
4793,TbGa,0.0
4794,EuTl,0.0
4795,ZrRe2,0.0
4796,CsNb6I11,0.0
4798,Li2MnCo3O8.186,0.0
4801,NdSnRh,0.0
4802,HoCd3,0.0
4803,TiOs3,0.0
4804,Nb3Fe20B6,0.0
4805,YbPO4,0.0
4807,Nb2Co3O9,0.0
4808,HfTl3,0.0
4809,HfNi5,0.0
4810,SrLa3MnO8.63,0.0
4813,Eu2CuO4,0.0
4814,Nb3V(PO4)6.146,0.0
4815,YbLa5S8,0.0
4816,TiPd,0.0
4817,ScZn3,0.0
4818,HoSb2O6,0.0
4819,CsCaO3,0.0
4821,LuPt3,0.0
4822,PrIr2,0.0
4825,Tl8Os8O27,0.0
4826,Bi12Rh12O41,0.0
4827,Sm3Sb14Te24,0.0
4830,Na11Bi5O16,0.0
4831,Ca2PbAu2,0.0
4833,Cu2HgGeSe4.121,0.0
4834,Na2In,0.0
4835,KHg2,0.0
4836,Sm3AlN,0.0
4837,LuMnSi,0.0
4838,CaMn2As2,0.0
4839,AlAs,0.0
4840,AlFe4(CuO4)3.204,0.0
4841,SmNi2B2C.139,0.0
4842,La2Nb2N2O5.1,0.0
4843,SmSi3Pt5,0.0
4844,Pr2Au,0.0
4845,UAlNi4,0.0
4846,Ba2ScIrO6.225,0.0
4847,MgTl,0.0
4849,Yb6U3O17,0.0
4850,Mn2Hg5,0.0
4851,Mg2CuWO6.1,0.0
4852,TmFe2Si2,0.0
4853,ScSnPd,0.0
4854,TaAlPt,0.0
4855,Ba2UCuO6.139,0.0
4856,Co2B4Mo,0.0
4857,Li2MgIn,0.0
4858,YCdPd2,0.0
4859,UMn2Si2,0.0
4860,Ge2Os,0.0
4861,DyCoSi2,0.0
4862,Na6FeS4,0.0
4863,NbSi2,0.0
4864,Te2Pd3,0.0
4866,ScSbRh2,0.0
4868,Rb5W8O30,0.0
4869,TmPd,0.0
4870,Hf2ReRh,0.0
4871,TbBe13,0.0
4872,LiCo(CO3)2.148,0.0
4873,Zr2Co12P7,0.0
4874,Li2Fe5O10,0.0
4875,Ta2OsW,0.0
4876,EuNi2As2,0.0
4878,Sn3Pd,0.0
4879,Ca6Ag16N,0.0
4880,HfVSi,0.0
4881,TmCu2Ge2,0.0
4882,Na3Tl,0.0
4883,Te2Mo2WSe4.156,0.0
4884,Ru3Cl,0.0
4886,LiBi2(PO4)3.15,0.0
4889,SrMgIn3,0.0
4890,K2B10H9O.14,0.0
4892,Sc8Te3,0.0
4895,LiMnCuO4.74,0.0
4896,La3NiBr3,0.0
4897,InFe2CuSe4.121,0.0
4898,Li3CrCo3O8.166,0.0
4899,Ag3Pd,0.0
4901,Li3Co(NiO2)4.12,0.0
4902,NdIn3,0.0
4903,CrCoPt2,0.0
4905,SrSb12Ru4,0.0
4906,La2PC,0.0
4908,YbFe4Ge2,0.0
4909,Sc6NiTe2,0.0
4910,ZnSn3,0.0
4911,Li2Nb2(PO4)3.15,0.0
4912,YB2Rh2C.139,0.0
4913,Ba3NaIr2O9.194,0.0
4914,Ce2Sb,0.0
4915,BaTi4O8,0.0
4916,AlPd5I2,0.0
4917,SmMn2Ge2,0.0
4918,PrCd,0.0
4920,Zr5Sn4,0.0
4921,Li7Ti7O16,0.0
4922,GaFe3,0.0
4923,Na15Sn4,0.0
4925,Dy5Pb3,0.0
4928,NiP4O12,0.0
4929,Sm2P3Pt6,0.0
4930,CaZn2,0.0
4931,Nd4Ge3Rh4,0.0
4933,PtN,0.0
4934,Ag3AsO4,0.0
4936,LaCu6,0.0
4937,PrFe2Si2,0.0
4938,Li3Ti3(PO4)4.4,0.0
4939,Hf2Ge,0.0
4941,Ca3BiAs,0.0
4942,Yb3V,0.0
4943,Cu8O,0.0
4944,Sc3GaC,0.0
4945,PrGe3,0.0
4946,Hf2Co4P3,0.0
4947,Tb3Si,0.0
4950,EuFe2Si2,0.0
4951,TbTl,0.0
4952,GdCd2,0.0
4953,Ca3Al2Ge3,0.0
4954,Al5Rh2,0.0
4955,MgFe2S4,0.0
4956,SmLuTl2,0.0
4959,Mo5O14,0.0
4960,LiCd2Rh,0.0
4961,Lu5Si3B,0.0
4962,Cs2NaMnF6.166,0.0
4963,KFe2As2,0.0
4964,EuAl2Au2,0.0
4965,HfZnNi2,0.0
4966,InSiIr,0.0
4968,CsMg149,0.0
4969,La3Os2O10,0.0
4970,Mg2MnN2,0.0
4971,HoSi2Os2,0.0
4974,BaAu2,0.0
4976,PrMn2Si2,0.0
4977,ZrFe4Si2,0.0
4978,P2O5,0.0
4980,NdCr2Si2,0.0
4981,Ca2GeN2,0.0
4982,NaSn2,0.0
4984,Nd2Ru2O7,0.0
4985,W2N,0.0
4986,YbTbHg2,0.0
4987,BMo,0.0
4988,CsAgCl3,0.0
4989,W2C,0.0
4990,Cs2NaCoF6.166,0.0
4993,LaSi2Os2,0.0
4994,TmSnRh,0.0
4995,TmB2C,0.0
4996,Li2MnCu3O8.212,0.0
4997,Ho3Pd2,0.0
4998,La10Si8O3,0.0
4999,Ce2Co5B2,0.0
5001,YbKSe2,0.0
5002,BaTi14O28,0.0
5003,Nb40N21O16,0.0
5004,YbAgO2,0.0
5005,TmGe2Ru2,0.0
5006,Ca3Cu2(ClO2)2.139,0.0
5008,TbGa2Co3,0.0
5009,LiCuPO4.63,0.0
5012,Dy2Ni12P7,0.0
5013,TmGe,0.0
5014,AgAu3,0.0
5015,CdAsPd5,0.0
5016,GdSbPd,0.0
5018,Zr6Al2CoH10.190,0.0
5019,NdAgAs2,0.0
5020,Er2Fe14B,0.0
5021,Ti2CuS4,0.0
5022,Na8Hg3,0.0
5023,Te2Mo(WS2)3.156,0.0
5024,Tm5Ge10Rh4,0.0
5025,Mn2CoAs,0.0
5026,ErNiSn,0.0
5029,Yb2ZnPb,0.0
5030,Mg3Bi2,0.0
5031,YCdHg2,0.0
5032,USi3,0.0
5033,NdGe2Pt2,0.0
5034,Mn3NiN,0.0
5035,NbPt2,0.0
5036,TbAl3C3,0.0
5037,LaPt5,0.0
5038,AlCoO3,0.0
5039,NaIrPb,0.0
5040,ZnCu3P3O13.11,0.0
5041,Tb5Tl3,0.0
5042,PrCo2As2,0.0
5044,Mg3Ni20B6,0.0
5045,Ce2CrN3,0.0
5048,ThU8O18,0.0
5049,Rh7Pb3O15,0.0
5050,RbAgF3,0.0
5051,TaPd3,0.0
5052,AlVCo2,0.0
5053,ScGa6Fe6,0.0
5054,Sm4In21Pd10,0.0
5055,CaMnSn,0.0
5056,CeRh,0.0
5057,GeAs3,0.0
5058,HoTiSi,0.0
5059,AgPdO2,0.0
5060,EuP2Os2,0.0
5061,Li2NdSb2,0.0
5062,Cu2H3ClO3.166,0.0
5063,ThGe2Pd2,0.0
5065,YAl2Si2,0.0
5066,V2ZnO4,0.0
5067,YAl10Fe2,0.0
5068,CaMgSn,0.0
5069,TaRh3,0.0
5070,Lu2Mo2C3,0.0
5071,Dy2Ti3Si4,0.0
5073,CeAl2Pd5,0.0
5074,BeSiRu2,0.0
5075,NdInCu,0.0
5076,CaGaGe,0.0
5077,NdSn2,0.0
5078,MnAlAu2,0.0
5079,K3Hg,0.0
5080,TbSb2,0.0
5081,Re3As7,0.0
5082,ScCdAg2,0.0
5083,TePd,0.0
5084,MgInPd2,0.0
5086,YAlPd,0.0
5087,Mg10B16Ir19,0.0
5089,SbRh3,0.0
5090,Ba4Nb14O23,0.0
5091,PdPb2,0.0
5092,MnBe2Co,0.0
5095,LuGaRh2,0.0
5096,LiEr2Ga,0.0
5097,SmCo2,0.0
5098,IrPb,0.0
5100,Sc2TlTc,0.0
5101,TbH2,0.0
5102,Er5Bi3,0.0
5103,ScCrO4,0.0
5104,Dy3MnB7,0.0
5105,Li3Ni3(PO4)4.4,0.0
5106,Re2PbO6,0.0
5108,Tb3FeB7,0.0
5109,Ce3Al,0.0
5110,CaCdPd2,0.0
5111,VB2,0.0
5112,CeIr5,0.0
5113,EuAs2Pd2,0.0
5114,Sc2GaAg,0.0
5116,Nd2Ge5Rh3,0.0
5117,PmMgCd2,0.0
5120,YCr2Si2,0.0
5121,Y3Si3Pd2,0.0
5122,CeCu2Sb2,0.0
5123,Sm2Cu4Sn5,0.0
5124,Ti3SnC2,0.0
5125,CuPtO2,0.0
5126,B4W,0.0
5127,ZrAu4,0.0
5129,MnTePd,0.0
5130,LiLu2Pd,0.0
5132,Y3Tm,0.0
5133,ErSi2Pd2,0.0
5134,CeSi2Ni2,0.0
5135,LaSi,0.0
5137,In3Au10,0.0
5138,Ho2Ge5Rh3,0.0
5139,TmSiCu,0.0
5142,CeAl2Zn2,0.0
5143,CeMgZn2,0.0
5144,Li4Cr3NiO8.2,0.0
5145,BeSiOs2,0.0
5146,BiO,0.0
5148,Ce2Sb3Pd9,0.0
5153,ThHg2,0.0
5154,TbGa3,0.0
5155,V3Cu,0.0
5156,NaCuO,0.0
5157,SnRh,0.0
5158,Er3SnC,0.0
5159,NbCrW,0.0
5160,TmSi2Os2,0.0
5161,NbRu2Cl,0.0
5162,CaIn4Ir,0.0
5163,HfPt,0.0
5164,BTe2As,0.0
5165,MnFeAs,0.0
5166,TbMn6Ge6,0.0
5167,SrLaMn2O6.121,0.0
5168,Ce6B2(CBr)3.10,0.0
5169,Be2W,0.0
5170,YIn2Ni,0.0
5171,RbGe3,0.0
5172,Tm2IrPd,0.0
5173,RbWO3,0.0
5174,PmSbRh2,0.0
5175,LuNiBC.129,0.0
5176,RuCl3,0.0
5177,Ti2RuOs,0.0
5178,Li4Fe9O18,0.0
5179,SrPb3,0.0
5181,LiSiRh2,0.0
5182,GdSi2Ru2,0.0
5183,ZrSbRu,0.0
5184,DyZnGa,0.0
5185,SmCo3B2,0.0
5186,Tb2C3,0.0
5187,CaPrZn2,0.0
5188,Pr6Fe13Si,0.0
5189,Hg3Sb,0.0
5190,TeMoSe,0.0
5191,HoB2C2,0.0
5192,LaP2Ru2,0.0
5193,Nb17Ir3S40,0.0
5194,CaOsO3,0.0
5195,TlNi,0.0
5196,GaSiRu2,0.0
5197,LuIr2,0.0
5200,V2RuOs,0.0
5201,Nd3Zr,0.0
5202,Hf2Si,0.0
5203,Li14Ti21O48,0.0
5205,ThAl10Fe2,0.0
5206,TbInIr,0.0
5208,ReCl4,0.0
5210,NiAgO2,0.0
5212,PrErMg2,0.0
5214,K11Mn4O16,0.0
5215,MgCuSb,0.0
5216,Li3FeS3,0.0
5217,Ba3ErRu2O9.194,0.0
5220,Sr2CoReO6.14,0.0
5221,HfOs2,0.0
5223,LiCo7O7F.156,0.0
5224,SmMgHg2,0.0
5225,ErCuPb,0.0
5227,Sc2P3O12,0.0
5228,BaDy2CuO5.62,0.0
5229,Li2Sn5,0.0
5230,Li5Mn2Cu5O12.5,0.0
5231,GaAs2W,0.0
5232,Fe4Si2Sn7O16.164,0.0
5233,Lu3Ga,0.0
5234,Zr2Te,0.0
5235,TiFe2As,0.0
5236,V2O3F3,0.0
5237,V2NO,0.0
5239,Ce5Si3N9,0.0
5242,V2Si2O7,0.0
5243,Ca2NiIrO6.14,0.0
5245,CeAlSi2,0.0
5246,Re2RuBr,0.0
5247,CaGe2,0.0
5248,Ta6Be15Cu8,0.0
5249,Tb5Ti5O17,0.0
5251,MgSnRh2,0.0
5252,Zr2Co21B6,0.0
5253,SmNiC2,0.0
5254,V8O,0.0
5255,WCl3,0.0
5257,Li2MnCo3O8.5,0.0
5259,Ti9O10,0.0
5260,Li2MgSn,0.0
5261,LiHoO3,0.0
5262,LiCa2In,0.0
5263,Li4Cu(PO4)2.1,0.0
5264,Mn2CoGe,0.0
5266,ThSi,0.0
5267,CoCu2Sn,0.0
5268,Tb3Rb2AlF16.194,0.0
5269,CeMgAg2,0.0
5270,NaCdSb,0.0
5271,Li3Cu2O4,0.0
5272,TmMn6Ge6,0.0
5273,YbB2Rh3,0.0
5274,Rb2NaNiF6.225,0.0
5276,Dy2AlCo2,0.0
5277,Cr4As3,0.0
5278,AsAu3,0.0
5279,Lu3InN,0.0
5280,BaAl2,0.0
5281,ErCu,0.0
5282,Fe3N,0.0
5283,Sr3Li4La5O12.6,0.0
5284,EuSnAu2,0.0
5285,VSb,0.0
5286,LiMgSnPd.216,0.0
5287,Fe2S,0.0
5289,PmMgAu2,0.0
5291,NaTa3,0.0
5293,Pr2CdSn,0.0
5294,Li3Mn2(CoO4)2.1,0.0
5295,CeHg,0.0
5296,LaCd2,0.0
5297,SmTmZn2,0.0
5298,ThAl3,0.0
5299,SnP3O9,0.0
5301,Cr4Cu3Te8,0.0
5303,ZrTiF6,0.0
5306,EuRbO2,0.0
5307,CeAsPd,0.0
5308,ScSbRu2,0.0
5309,Sr2YReO6.225,0.0
5310,EuCuSeF.129,0.0
5311,Al21Pt8,0.0
5312,YbBa2(CuO2)4.65,0.0
5313,EuKS2,0.0
5314,Ba5In4Bi5,0.0
5315,Cu7Hg6,0.0
5316,CsSn3,0.0
5317,Ta2N,0.0
5319,PmHgAu2,0.0
5320,Mn5O3F5,0.0
5322,TaW3,0.0
5323,SmHg3,0.0
5324,Sr8Al7,0.0
5326,CeB2C2,0.0
5327,SrTlHg2,0.0
5329,Cd13I28,0.0
5330,Mn2AlO4,0.0
5331,CaAl8Co2,0.0
5332,UVC2,0.0
5333,ScV2Ga4,0.0
5335,AuBrO2,0.0
5336,Pr2HgPb,0.0
5338,Sr7Bi23O40,0.0
5339,YbAl2Si2,0.0
5340,Tm2ZnAg,0.0
5341,SrGa2Au2,0.0
5342,ThRh2,0.0
5343,Sr3Al2Sn2,0.0
5344,CdAuO2,0.0
5345,Li3Mn(NiO3)2.12,0.0
5346,VIr,0.0
5347,Cr3N2,0.0
5348,TbHg2,0.0
5351,Li2TiMn3O8.166,0.0
5352,LiTi11O20,0.0
5354,UGaNi,0.0
5355,Sm4Al23Ni6,0.0
5356,TmScHg2,0.0
5357,Li2Ni5(PO4)4.2,0.0
5358,Tb3La,0.0
5359,Sr3Sb2,0.0
5360,KMo6S7,0.0
5361,Th3B2C3,0.0
5362,TaBe2,0.0
5364,Tm2AlOs,0.0
5365,HfB4Ir3,0.0
5366,Dy3InC,0.0
5367,BaTi4O7,0.0
5368,LiCo(CO3)2.12,0.0
5369,La2Ge5Ir3,0.0
5370,V6AgO15,0.0
5371,Li3Fe2SbO6.12,0.0
5372,Pr2Co12P7,0.0
5373,Hf4Co4Si7,0.0
5374,Cr2CuTe4,0.0
5375,PrCo4B,0.0
5376,SmSi2Ag2,0.0
5377,YbLiF4,0.0
5379,ScBIr3,0.0
5380,Ho3GaC,0.0
5381,Mn2Tl2O7,0.0
5382,YbTlSe2,0.0
5383,Rb28Mg9In51,0.0
5384,Sr2MgIrO6.225,0.0
5385,ScPPt,0.0
5386,Mg23Al30,0.0
5387,AlCu3,0.0
5388,Y2CuO4,0.0
5389,Sc3Mn2Ga6,0.0
5390,HoNi2B2,0.0
5393,Bi2B3O9,0.0
5394,SrMnGe,0.0
5395,SmErMg2,0.0
5396,Li3Mn3NiO8.12,0.0
5397,In2Co,0.0
5398,LiBePt2,0.0
5401,Lu3BC3,0.0
5402,Cu9Se4(Cl3O7)2.12,0.0
5403,TiSe,0.0
5404,Nd5Ge3,0.0
5405,Pt3PbC,0.0
5406,Ba2SmCu3O7.47,0.0
5407,Li3Cr3(CuO6)2.14,0.0
5408,Nb3Os,0.0
5409,RePO5,0.0
5410,ScGa2,0.0
5411,LuScZn2,0.0
5412,Nd4Mg3Co2,0.0
5413,CeHSe,0.0
5415,U2MnN3,0.0
5416,NdRh,0.0
5418,HfTiF6,0.0
5419,YWO3,0.0
5420,Sc11Al2Ge8,0.0
5422,TiAuCl,0.0
5423,Li13Ti22O48,0.0
5424,ThFe2Ge2,0.0
5425,Sr8Co8O23,0.0
5426,Sr3Co2S2O5.139,0.0
5429,Dy2C,0.0
5430,HfB,0.0
5432,Pt3Pb,0.0
5433,Mg2Ga,0.0
5434,ZnAgF5,0.0
5435,LiCoS2,0.0
5436,Ca11Bi10,0.0
5437,Ce9SmO20,0.0
5438,Y2ReB6,0.0
5439,Ca4Al3O10,0.0
5440,Li3V4NiO12.5,0.0
5441,Zr7P4,0.0
5443,LiTi3O6,0.0
5445,MnNi,0.0
5446,Th2Fe7,0.0
5447,Mn3O2F6,0.0
5448,Tl3Pb,0.0
5449,ErBPd3,0.0
5450,Nd2Fe14B,0.0
5451,DyMn2,0.0
5452,Mn7O7F,0.0
5453,Y4CuTe8,0.0
5455,SrIn4Pt,0.0
5456,Mg2Cu,0.0
5457,NdP2Ru2,0.0
5458,Y2Mo2O7,0.0
5459,Li9Fe3(WO4)7.160,0.0
5460,LiHfPd2,0.0
5463,BeAlB,0.0
5464,HgRhO3,0.0
5465,CoW2O8,0.0
5466,In3Pd5,0.0
5467,Ca3SbN,0.0
5468,EuCo8P5,0.0
5469,NaCd2Au,0.0
5470,RbSbO3,0.0
5473,Hf3Zn3N,0.0
5474,ErNi4B,0.0
5475,PrMgAg2,0.0
5477,Ce3In3Ru2,0.0
5478,CsUCuS3.63,0.0
5481,TmNi2Ge2,0.0
5483,LiCaO3,0.0
5484,Ni4Bi9O18,0.0
5485,Mg2TiIrO6.14,0.0
5486,Al2CrS4,0.0
5487,Ba2CaReO6.87,0.0
5488,TbZn2,0.0
5489,PrMgGa,0.0
5490,TbZrSb,0.0
5492,RbUAgS3.63,0.0
5493,SrIn8Rh2,0.0
5494,Li8TiNi7O16.1,0.0
5495,DySnRu2,0.0
5496,CaPd3C,0.0
5498,EuCd11,0.0
5500,LiCa2Ge3,0.0
5501,Pr7Mn8O24,0.0
5502,Zr5Sn3,0.0
5503,Li8BiS6,0.0
5504,Tb3ReO7,0.0
5505,Zr4Co4Ge7,0.0
5506,ZrCrSi2,0.0
5507,MnSnRu2,0.0
5508,SiAu3,0.0
5509,Ba2DyCu3O7.47,0.0
5510,ScIr,0.0
5511,SrRu2O6,0.0
5512,ThMn4(CuO4)3.204,0.0
5513,HoSi2Ru2,0.0
5514,Li5Co2Ni3O10.10,0.0
5515,PrGe5,0.0
5516,Na3Mn2(GeO4)3.230,0.0
5517,Cu2Sb,0.0
5518,SmSi2Ni2,0.0
5519,TlW3O9,0.0
5520,NbHg3F6,0.0
5521,Cs2CrCl4,0.0
5522,YbPmPt2,0.0
5523,Na2Cl,0.0
5524,Li2DyIn,0.0
5526,Mn2Cu(PO4)3.167,0.0
5528,LiInSn,0.0
5529,Mg2SiPt,0.0
5530,TmSnRu2,0.0
5531,BaSn4O8,0.0
5533,Hf5Sb3,0.0
5534,Er4NiB13,0.0
5536,U3Nb,0.0
5537,SmCo2Si2,0.0
5539,ZnGaRh2,0.0
5540,Li17Nb20O60,0.0
5541,Mg2TcO4,0.0
5542,PrSmO2,0.0
5543,Sc2MnC,0.0
5544,BaPd2O4,0.0
5545,Mg3Ga7Co2,0.0
5546,Ba5Sb3,0.0
5547,CrNi3,0.0
5550,LaH2,0.0
5551,Te2W2SeS.156,0.0
5553,Nd2BC,0.0
5554,Li6Mn5CoO12.2,0.0
5555,MnGaPt,0.0
5556,Ba14Na8CaN6.176,0.0
5558,Na11Ti20O40,0.0
5559,MgAgAs,0.0
5560,Tb6PbSe10,0.0
5561,CeLu3,0.0
5562,Ta2Nb3O12,0.0
5563,GdPbAu,0.0
5564,KHg,0.0
5565,Sc5NCl8,0.0
5566,TbBRh3,0.0
5567,Lu5Si10Ir4,0.0
5568,EuCd2Sb2,0.0
5572,CaInPt,0.0
5573,Cr2HO4,0.0
5574,Li5La3Nb14O42.12,0.0
5575,HoCu2O4,0.0
5577,HfAs2,0.0
5579,Yb16S29,0.0
5580,Nb3VS6,0.0
5581,CaAl2Zn2,0.0
5582,NdErZn2,0.0
5583,Gd2Zn17,0.0
5584,HoInPt,0.0
5585,TiCoGe,0.0
5586,CeCoGeH.129,0.0
5587,YMgAl,0.0
5588,LiTmSn,0.0
5589,Ti2RePd,0.0
5590,Na8NbO6,0.0
5591,Si2NiP3,0.0
5593,Sc3PbC,0.0
5594,CeCd2Ag,0.0
5595,Hf2Tl,0.0
5596,Na10Ga6Sn3,0.0
5597,YCoO3,0.0
5598,Ta3B4,0.0
5599,LiTm2Rh,0.0
5603,LaIn5Ir,0.0
5604,Sr2Co2O5,0.0
5605,KTa3CuO9.53,0.0
5606,SrRhF6,0.0
5607,Al2Cr2O7,0.0
5608,EuGe3Pt,0.0
5609,NdO2,0.0
5610,CrIrO6,0.0
5611,YRe4Si2,0.0
5612,Pr3Cd,0.0
5614,TmLuPd2,0.0
5615,Ti2NiSe4,0.0
5617,Cr3P,0.0
5619,Mn3PtN,0.0
5620,Cs3V2Cl9,0.0
5624,Li7Ti16O32,0.0
5625,YbSiCu,0.0
5626,Tb2SbO2,0.0
5628,LiHoAu2,0.0
5629,BeGaO3,0.0
5630,NiCO4,0.0
5631,Dy4Sb3,0.0
5632,NaFe2O3,0.0
5633,Lu2AgAu,0.0
5634,Co2O3,0.0
5635,HfAsRh,0.0
5636,Zr5Al3,0.0
5637,Li4Mn5NbO12.12,0.0
5638,Si4Cu15,0.0
5639,Sm2TlHg,0.0
5640,PrBi2O6,0.0
5641,NdTlAg2,0.0
5642,Zr6Al2Ni,0.0
5643,Lu2Fe2Si2C.12,0.0
5644,Ca2TlCd,0.0
5645,VCo,0.0
5646,CsVP2S7.5,0.0
5647,Li2InAg,0.0
5648,Rb2SCl6F.225,0.0
5649,LiNi4O8,0.0
5650,CeP2Pt4,0.0
5651,YbCdHg2,0.0
5652,MnGeRh2,0.0
5653,HgOsPb2,0.0
5654,CeSi2Pd2,0.0
5656,Sr5Cd2Sb5F.63,0.0
5657,Li4Fe7(OF7)2.1,0.0
5658,SmB2Os2,0.0
5659,Cr2P3O11,0.0
5660,Ho4C7,0.0
5663,KUCuSe3.63,0.0
5664,BaIn2Ir,0.0
5666,Gd3Al7Ag2,0.0
5667,Li3Cr(NiO2)4.12,0.0
5670,CoGe,0.0
5671,ErRe2O8,0.0
5672,Gd2Zn6Ge3,0.0
5673,ErLu3,0.0
5674,SrSnP,0.0
5676,Tb3Ni13B2,0.0
5677,Ta2MoOs,0.0
5678,Rb2Na2IrO4.14,0.0
5680,CeAlO3,0.0
5681,SnPt3C,0.0
5683,YNi2P2,0.0
5685,Zr2Ni12P7,0.0
5686,ErCr2Si2,0.0
5687,La4Co3O10,0.0
5688,Sr3ScNiO6.167,0.0
5689,Ni3SnN,0.0
5692,EuClO,0.0
5693,Mn2VSi,0.0
5694,Eu2TeO2,0.0
5695,Sb4Pb4S11,0.0
5696,In3Sb,0.0
5697,LiCu5P3O13.2,0.0
5698,Y3Fe29,0.0
5699,VIr3,0.0
5700,MgSi7Ir3,0.0
5701,CeAsSe,0.0
5703,Cr2NiS4,0.0
5704,Ca5Sb3,0.0
5705,GaTc2W,0.0
5706,Cr2CuS4,0.0
5707,Nd3In,0.0
5708,LiMn(PO4)2.14,0.0
5711,LaCdAg2,0.0
5712,EuScO3,0.0
5713,GdNiO3,0.0
5714,Cu18S11,0.0
5715,Li4MgNi3O8.166,0.0
5716,SmAs2Au,0.0
5717,YFe2Si2,0.0
5718,Ba3YIr2O9.194,0.0
5719,YbCuGe,0.0
5721,DyB2Rh2C.139,0.0
5722,Zr3Si6Cu4,0.0
5725,Gd3Co11B4,0.0
5727,ErSnAu,0.0
5728,Li5Fe6(BO3)6.8,0.0
5729,Li4Fe2Cu3O10.2,0.0
5730,BRh2,0.0
5731,ScBPd3,0.0
5732,CrFeP,0.0
5733,ScAg,0.0
5734,Hf5Sn3,0.0
5735,MgCr,0.0
5736,SmCu2O4,0.0
5737,Sr5Sn3,0.0
5738,Rb3Cu8S6,0.0
5739,Ca3PbN,0.0
5740,AlCu7O12,0.0
5741,Co3Se4,0.0
5742,CeMgNi4,0.0
5743,NaC,0.0
5744,LiErAu2,0.0
5745,Sc3C4,0.0
5746,TiFe2,0.0
5748,Li6FeNi9O20.2,0.0
5751,NbSiIr,0.0
5753,TbMn5Ge3,0.0
5755,Ce3B2(ClO2)3.176,0.0
5756,ThFe2Si2,0.0
5757,KLi(WO3)3.9,0.0
5759,GdZn,0.0
5760,Zn3Cd,0.0
5761,Dy3Ga,0.0
5762,MgCo2S4,0.0
5763,CeSiOs,0.0
5764,Li3Co3SbO8.2,0.0
5766,Co7Mo6,0.0
5767,TcB,0.0
5768,Mg3Ni20P6,0.0
5769,Li2GaPd,0.0
5770,H2Se,0.0
5771,Li4V5Cu3O16.8,0.0
5772,CeMn2Ge2,0.0
5773,EuZn2Si2,0.0
5774,Sc7CI12,0.0
5775,NdTiGe,0.0
5780,CaAgF5,0.0
5781,Mn3PdN,0.0
5782,Si2Pd9,0.0
5783,Pr27Se40,0.0
5784,Tb10B7C10,0.0
5786,ThFe2SiC.63,0.0
5787,Ba3CaIr2O9.164,0.0
5788,Dy2MgIn,0.0
5789,Li2Ni3TeO8.186,0.0
5791,VTe2,0.0
5792,ErAl9(Fe2Si3)2.137,0.0
5793,Ti5Zn4(TeO6)3.15,0.0
5794,NdZn2Ag,0.0
5795,HoZnRh2,0.0
5797,Li8PO3,0.0
5798,UGa3Ni,0.0
5799,ZrCd,0.0
5800,Pm2CuGe,0.0
5803,Pr9Sb5O5,0.0
5804,Al9Co2,0.0
5805,Ta2TlO6,0.0
5806,LiCuPO4.15,0.0
5807,LiTaRh2,0.0
5809,Zn2WN2,0.0
5810,ErTlPd,0.0
5811,RbBr3,0.0
5812,LuAlAg2,0.0
5813,CsNi2F6,0.0
5815,CrCo2Bi,0.0
5816,DyNiGe2,0.0
5817,CaPb,0.0
5818,PrB2Ru2,0.0
5819,La10Mn9O30,0.0
5820,BaZn(MoO2)4.162,0.0
5821,BaGe3Pt,0.0
5822,CaGaAu3,0.0
5824,TaTiFe2,0.0
5827,Mg32Al36Ag13,0.0
5828,SrLi2Sn,0.0
5829,CaAu5,0.0
5830,U2Cl5O2,0.0
5831,Gd3ReO7,0.0
5832,HoAlB14,0.0
5833,Nb2Cr4Si5,0.0
5834,LaNi12B6,0.0
5835,MgSbPt,0.0
5836,Li3Ti2(PO4)3.12,0.0
5838,MnGaNi2,0.0
5840,SmInAu,0.0
5841,Li2FeWO6.146,0.0
5842,Li2Fe3CoO8.4,0.0
5843,Ca3Zr17O37,0.0
5844,HfAlPd2,0.0
5845,Ce3TaO7,0.0
5847,KAgO,0.0
5848,Li5Mn6(BO3)6.8,0.0
5850,YTi4(CuO4)3.204,0.0
5851,Cu9S5,0.0
5852,Eu2Ge(BO4)2.60,0.0
5853,SrN2,0.0
5854,CrFe2Se4,0.0
5855,TiAsRh,0.0
5856,BaCaSn3,0.0
5858,KH(CN2)3.2,0.0
5860,PrNiGe2,0.0
5861,Yb2Zn3Ge3,0.0
5862,SmPbAu,0.0
5864,LuSi2Os2,0.0
5865,Yb14Ti10O41,0.0
5866,Ba2CaOsO6.225,0.0
5870,Te4MoW3S4.156,0.0
5872,NiAsO3,0.0
5873,LaMg3,0.0
5874,CePrO2,0.0
5875,LuU2S3O2.139,0.0
5876,Ti9O8,0.0
5877,LiSiPd2,0.0
5878,LuSi2Ni,0.0
5879,Zr3Al2,0.0
5880,VP4,0.0
5881,Sm2TlZn,0.0
5883,MgZn2,0.0
5884,GdSe2,0.0
5885,Li4NbNi3O8.166,0.0
5887,MnGePd,0.0
5888,ThBi2,0.0
5889,Yb2BaO4,0.0
5890,KBi2,0.0
5892,UCr4C4,0.0
5893,Rb6O,0.0
5894,KTi5Se8,0.0
5895,RbIn4,0.0
5896,Rb15Hg16,0.0
5897,CrFe2Sb,0.0
5898,Fe9Co7,0.0
5899,TeWCl9,0.0
5900,LuAu,0.0
5902,Ce2S2O,0.0
5903,Yb2SmS4,0.0
5904,MnS,0.0
5905,UGa5Ir,0.0
5906,DyCd2,0.0
5907,ZrGaPt,0.0
5908,CoOF,0.0
5909,Ti2MnFe,0.0
5910,KScO3,0.0
5913,Ca2MnAlO5.46,0.0
5914,UGa2,0.0
5915,Li7Ca8Nb12O40.1,0.0
5916,Li4Mn5Ni3O16.8,0.0
5918,BaTl(MoO3)2.8,0.0
5919,Ta2TiN3,0.0
5920,UB4H16,0.0
5922,Al2Cu,0.0
5924,Y4C7,0.0
5925,NiN,0.0
5928,Er2MnC4,0.0
5929,Mn2GeS4,0.0
5930,NdGaO3,0.0
5932,Ca2Sn2F3,0.0
5933,CaNi4O6,0.0
5934,Ca3Au,0.0
5935,EuCl3O12,0.0
5936,Nd2WC2,0.0
5937,Na3UF7,0.0
5938,Tb2In16Pt7,0.0
5939,HfV2Ga4,0.0
5940,TbSe2,0.0
5941,YTi2Ga4,0.0
5942,ReTe2Cl12,0.0
5945,La8Mn7O24,0.0
5946,VNi2,0.0
5947,Ta2PtSe7,0.0
5948,LaBiAu2,0.0
5949,BaTh3,0.0
5951,Tm5Ti5O17,0.0
5952,Nd2Ni7P4,0.0
5953,LiY2Ru,0.0
5954,U2AlCo2,0.0
5955,NdIn5Rh,0.0
5956,Li3Co4TeO8.12,0.0
5957,Li3Mn2(PO4)3.12,0.0
5958,ThAsSe,0.0
5959,V3CrO10,0.0
5960,YbSmRh2,0.0
5961,RbVP2S7.5,0.0
5962,Yb2MgSe4,0.0
5963,NdAl7Au3,0.0
5964,Ta4AlC3,0.0
5965,Li3Cu4O4,0.0
5966,NbCl4O2,0.0
5967,TbYHg2,0.0
5968,ZrAlPt,0.0
5969,Sr10Al4Si6O.71,0.0
5970,Li4Mn5Cu3O16.8,0.0
5971,EuBi3,0.0
5972,Mn2AlB2,0.0
5973,Li4Co5SbO12.12,0.0
5974,BaLi4,0.0
5975,CaGe2Rh2,0.0
5976,Ti5B12O26,0.0
5977,TmCo2Si2,0.0
5978,MnSb2O6,0.0
5979,TlCu6S4,0.0
5980,Cu4As2O9,0.0
5981,CuClO2,0.0
5982,U6Co,0.0
5983,Yb4Sb3,0.0
5985,LuScRu2,0.0
5986,TlTe,0.0
5987,NaTl,0.0
5989,TiHgO3,0.0
5990,TlFeI3,0.0
5991,Li3Mn4(PO4)6.2,0.0
5992,TbCl,0.0
5993,Nd2ZnGa,0.0
5994,Sr6Nb7O21,0.0
5995,V4ZnO8,0.0
5997,Cs2SCl6F.225,0.0
5998,Ce3NbS3O4.55,0.0
5999,NbHO3,0.0
6000,YbTbRh2,0.0
6001,EuSeClO3.62,0.0
6002,EuNiGe3,0.0
6003,Eu2PBr,0.0
6004,CaCdSi,0.0
6006,Li4Ni2(PO4)3.2,0.0
6007,SmHoHg2,0.0
6008,PrAl3Ni2,0.0
6009,Bi4I,0.0
6010,HPbI3,0.0
6011,Ti4NiBi2,0.0
6012,Zr2Se,0.0
6013,SnB,0.0
6014,InAg3,0.0
6015,Tm2MgRu,0.0
6018,Li2MgHg,0.0
6019,LiFe2(PO4)3.1,0.0
6020,Cu2OF2,0.0
6021,Tl2Mo7O22,0.0
6022,Li6FeO5F.1,0.0
6023,YSi2,0.0
6024,SmMg3,0.0
6026,Na2V6O13,0.0
6027,NdNi2Sn2,0.0
6028,Dy2CdPd2,0.0
6029,CeOs2,0.0
6030,ScRh3C,0.0
6031,Re5Ni2As12,0.0
6032,P2H4RhO9.5,0.0
6033,LiLu2Ga,0.0
6035,MnB2W2,0.0
6036,CeCdAu2,0.0
6037,ZrAlW,0.0
6038,CaIrO3,0.0
6040,Pr4MgRu,0.0
6041,MnNbO4,0.0
6042,NaCdO3,0.0
6044,Lu2TlAg,0.0
6045,PrSbPt,0.0
6047,LiScHg2,0.0
6048,Cu3P4O14,0.0
6049,Ni2Mo4C,0.0
6051,Pm2NiRh,0.0
6052,Sr2YBi2O7.46,0.0
6053,La16Mn15O48,0.0
6054,CrCoGe,0.0
6055,NaCeS2,0.0
6056,YSiNi,0.0
6057,ZrPd2,0.0
6058,GeW6O18,0.0
6059,NdBRh3,0.0
6061,Li4Co3CuO8.166,0.0
6062,Mg5Tl2,0.0
6063,LaGa3Pd2,0.0
6064,Co7Re17O48,0.0
6065,Sm3Sc,0.0
6066,Al7C3N3,0.0
6067,NdScGe,0.0
6068,Mg3Ru2,0.0
6069,GdZnIn,0.0
6070,Mg2V9O13,0.0
6071,TiBr2,0.0
6072,CuMoO4,0.0
6073,Li4Ti5Cr3O16.8,0.0
6074,CaIn2Ir,0.0
6075,HfC,0.0
6076,YbSi2Rh2,0.0
6077,BaAg2,0.0
6078,Pr5Si4,0.0
6079,Zr5SiSb3,0.0
6080,CsTiF4,0.0
6081,ScCoGe2,0.0
6082,Mg3Tl,0.0
6083,ErHg2,0.0
6085,Er3Al3NiGe2.189,0.0
6087,LiMn4O8,0.0
6089,YbAg2,0.0
6090,ZrB2,0.0
6091,PrZn,0.0
6092,YbNdAg2,0.0
6094,Tm2Ga10Os3,0.0
6095,CeMn2Si2,0.0
6097,YbIn4Rh,0.0
6098,YbBaSn3,0.0
6099,Re2W3C,0.0
6100,Li8IrO6,0.0
6101,TiReN3,0.0
6102,SrZr2Nb,0.0
6103,Tl9SbSe6,0.0
6105,Mn5As4,0.0
6106,EuTiClO3.12,0.0
6107,Dy7In(CoGe3)4.83,0.0
6108,Te2Mo3Se4,0.0
6109,CeSiI,0.0
6110,SmSiCu,0.0
6111,K8N3O,0.0
6112,La3Re2O10,0.0
6113,Sb2I2F11,0.0
6114,Tb2Li6O7,0.0
6115,BaSn3,0.0
6116,Y3Fe62B14,0.0
6117,Eu2C(NO)2.164,0.0
6118,KBiO3,0.0
6119,Tb11S16,0.0
6120,HoTh3,0.0
6121,Tm4In(NiGe2)2.12,0.0
6122,SrIn2,0.0
6123,Ca3TlN,0.0
6125,Mg5As,0.0
6126,ZnCo2O4,0.0
6128,MgNiSb,0.0
6130,Ca5Sn4S13,0.0
6131,KC60,0.0
6132,TiMn2Al,0.0
6134,LuIr,0.0
6135,EuAlO3,0.0
6136,Sr2HoRuO6.14,0.0
6137,TlMo3Se3,0.0
6138,SiW3,0.0
6139,LaSn3Ru,0.0
6140,MgTi4O6,0.0
6143,Er2SnAu2,0.0
6144,EuRhO3,0.0
6145,Li3Co2(GeO4)3.230,0.0
6146,NdCrGe3,0.0
6147,Fe6W6C,0.0
6148,SrCdSi,0.0
6149,MgPb3,0.0
6150,CuPO4F.2,0.0
6151,UCuP2,0.0
6152,Li2NdAs2,0.0
6154,HfInCu2,0.0
6155,Eu3BWO9.173,0.0
6156,Li2SnIr,0.0
6157,DyCo2Ge2,0.0
6159,AsPd3Pb2,0.0
6160,Zr3Ag,0.0
6161,ZrTe,0.0
6162,RbB5(H2O3)4.41,0.0
6164,Li4Mn3Cr3O12.22,0.0
6165,V3SiNi2,0.0
6167,Hf2Ni,0.0
6168,Mo5As4,0.0
6169,V3Re,0.0
6170,Yb2Ge2Ir,0.0
6171,TbBaMn2O6.51,0.0
6172,Cu2Hg2SF6.227,0.0
6174,U2TeN2,0.0
6175,KCo2Se2,0.0
6176,KCoO2,0.0
6177,Na2UI6,0.0
6179,Te4Mo(WS)2.187,0.0
6180,Mn2P,0.0
6181,YbMn2O5,0.0
6183,CeH3O3,0.0
6184,PrErIn2,0.0
6185,YAl8Cu4,0.0
6186,Al2FeNi,0.0
6189,Yb8Ge3Sb5,0.0
6190,K3Sn,0.0
6191,Li2V3CrO8.166,0.0
6194,Lu4C7,0.0
6195,MnSbRh2,0.0
6196,ZrInPd2,0.0
6197,Ba2BiSbO6.2,0.0
6198,ScTiO3,0.0
6200,Cu4H10SO12.7,0.0
6201,LaCdAu,0.0
6202,CuF,0.0
6203,CeMgPt,0.0
6204,PmGaAu2,0.0
6205,TmAl4Ni,0.0
6206,Li4Co2Ni3O10.10,0.0
6207,Zr3NiO,0.0
6208,TmU2S3O2.139,0.0
6209,CrH9(CN2)3.2,0.0
6210,Li15Fe4O16,0.0
6211,Li15Mn2O12,0.0
6212,Mo2NCl8,0.0
6213,Pd2N,0.0
6214,PrBPt4,0.0
6215,Li2TlAg,0.0
6216,Ce4Si3Rh4,0.0
6217,YSi2Rh2,0.0
6218,Ca2CuWO6.14,0.0
6219,Mn2Nb,0.0
6221,Ni7P8O28,0.0
6222,MgRh2Pb,0.0
6223,MgCuBi,0.0
6225,SrSiPd,0.0
6226,Ba2CoWO6.225,0.0
6227,Lu3TlC,0.0
6228,LaGeI,0.0
6230,LiZrRh2,0.0
6231,HoSiRu2C.63,0.0
6232,Li4TiCr3O8.166,0.0
6234,LaRe2Ag,0.0
6235,MnFeCoGe.216,0.0
6236,AlNi20B14,0.0
6238,Ca2Os2O7,0.0
6239,TmMnGe,0.0
6240,LiMn2(PO4)2.29,0.0
6241,Mn3NbO8,0.0
6242,Ba5Bi3,0.0
6243,Ti3Be,0.0
6244,DyBPd3,0.0
6245,Tm2CdHg,0.0
6246,SnAs3,0.0
6247,ThS,0.0
6248,MgPt5,0.0
6249,SrIn2Ir,0.0
6251,Li5Cr2Ni5O12.5,0.0
6252,Ba4Sm2Cu2O9.118,0.0
6253,K3V,0.0
6254,NdTlPd,0.0
6255,LiSn(PO3)4.134,0.0
6259,EuSn3,0.0
6260,TlCoMo2,0.0
6261,TbNi5,0.0
6262,Bi2Pd3S2,0.0
6263,Yb2Sn,0.0
6265,Rb3Tm,0.0
6266,EuTiO3,0.0
6267,ErFeC2,0.0
6268,MnAs,0.0
6270,Ho2B4C,0.0
6271,Cs2NaMgF6.225,0.0
6272,Ho10Si17,0.0
6273,ThCrB4,0.0
6274,TbIn2Ni,0.0
6275,Li3FeNi3O8.186,0.0
6277,TmH2,0.0
6278,U2Cu2As3O.129,0.0
6280,Y2U3O11,0.0
6281,Nd3AlC,0.0
6284,Ce5Ge3,0.0
6285,Pr2InGe2,0.0
6286,LiPr2Ru,0.0
6287,NbCrN,0.0
6288,V3Ag,0.0
6289,ScBe5,0.0
6291,HoMn12,0.0
6292,Sc3Fe2Si3,0.0
6293,MnInCu2,0.0
6294,CePd5,0.0
6295,La2PI2,0.0
6296,LuAg2,0.0
6299,ScZnNi2,0.0
6300,TaInNi,0.0
6302,YbGa2Pd,0.0
6304,HoZnRh,0.0
6307,LaGa,0.0
6308,ScCdHg2,0.0
6309,Ta5N6,0.0
6310,Li2Lu3Ge3,0.0
6311,U3Cu2Se7,0.0
6312,TmMgCd2,0.0
6313,YbLiPb,0.0
6314,Yb2KF7,0.0
6315,Li2V2F7,0.0
6316,Li3Mn(CuO3)2.12,0.0
6318,YbAl4Mo2,0.0
6319,K2NbO6,0.0
6320,Cu11Sb4S13,0.0
6321,Dy2Ge3Pt9,0.0
6322,Li2V3FeO8.8,0.0
6323,HoTlPd,0.0
6324,CeAl3Ni2,0.0
6325,MnSiNi2,0.0
6326,LiGeRh2,0.0
6327,Li2MnNi3O8.166,0.0
6328,K3Fe2S4,0.0
6330,GdSb,0.0
6331,Gd3S4,0.0
6332,In3Bi7(Pb2S9)2.11,0.0
6333,LiInAg2,0.0
6334,Lu2FeS4,0.0
6335,Li2PrIn,0.0
6339,EuCaO2,0.0
6340,NdAs2Pd2,0.0
6341,Bi2P3O12,0.0
6342,SrCe2Se4,0.0
6343,TlZn2Tc,0.0
6344,Sc14Cu14O37,0.0
6345,Co2Ge,0.0
6346,Li3Fe(SbO3)4.1,0.0
6347,ZrIr2,0.0
6349,Tm2MgTl,0.0
6350,Nb5Ga4,0.0
6353,CeZnPO.166,0.0
